PrizePicks, WNBA1H, Wed, Jul 12 12:00 PM, Breanna Stewart, 12.5, Points
PrizePicks, WNBA1H, Wed, Jul 12 12:00 PM, Aliyah Boston, 7.5, Points
PrizePicks, WNBA1H, Wed, Jul 12 12:00 PM, Sabrina Ionescu, 6.5, Points
PrizePicks, WNBA1H, Wed, Jul 12 12:00 PM, Kelsey Mitchell, 8.5, Points
PrizePicks, WNBA1H, Wed, Jul 12 12:00 PM, Courtney Vandersloot, 5.5, Points
PrizePicks, WNBA1H, Wed, Jul 12 12:00 PM, Erica Wheeler, 4.5, Points
PrizePicks, WNBA1H, Wed, Jul 12 12:00 PM, Jonquel Jones, 5.5, Points
PrizePicks, WNBA1H, Wed, Jul 12 12:00 PM, Betnijah Laney, 6.5, Points
PrizePicks, WNBA1H, Wed, Jul 12 12:00 PM, Kahleah Copper, 8.5, Points
PrizePicks, WNBA1H, Wed, Jul 12 12:00 PM, DeWanna Bonner, 10.5, Points
PrizePicks, WNBA1H, Wed, Jul 12 12:00 PM, Marina Mabrey, 7.5, Points
PrizePicks, WNBA1H, Wed, Jul 12 12:00 PM, Tiffany Hayes, 5.5, Points
PrizePicks, WNBA1H, Wed, Jul 12 12:00 PM, Courtney Williams, 5.5, Points
PrizePicks, WNBA1H, Wed, Jul 12 12:00 PM, Elizabeth Williams, 5.5, Points
PrizePicks, WNBA1H, Wed, Jul 12 12:00 PM, Alyssa Thomas, 8.5, Points
PrizePicks, WNBA1H, Wed, Jul 12 1:00 PM, Arike Ogunbowale, 10.5, Points
PrizePicks, WNBA1H, Wed, Jul 12 12:00 PM, Alanna Smith, 4.5, Points
PrizePicks, WNBA1H, Wed, Jul 12 1:00 PM, Natasha Howard, 8.5, Points
PrizePicks, WNBA1H, Wed, Jul 12 12:00 PM, Natisha Hiedeman, 5.0, Points
PrizePicks, WNBA1H, Wed, Jul 12 1:00 PM, Satou Sabally, 8.0, Points
PrizePicks, WNBA1H, Wed, Jul 12 1:00 PM, Teaira McCowan, 5.5, Points
PrizePicks, WNBA1H, Wed, Jul 12 7:00 PM, Allisha Gray, 9.5, Points
PrizePicks, WNBA1H, Wed, Jul 12 7:00 PM, Jewell Loyd, 11.5, Points
PrizePicks, WNBA1H, Wed, Jul 12 7:00 PM, Rhyne Howard, 9.5, Points
PrizePicks, WNBA1H, Wed, Jul 12 7:00 PM, Ezi Magbegor, 7.0, Points
PrizePicks, WNBA1H, Wed, Jul 12 7:00 PM, Cheyenne Parker, 7.5, Points
PrizePicks, WNBA1H, Wed, Jul 12 7:00 PM, Ivana Dojkic, 4.0, Points
PrizePicks, WNBA1H, Wed, Jul 12 7:00 PM, Nia Coffey, 4.5, Points
PrizePicks, WNBA1H, Wed, Jul 12 7:00 PM, Kia Nurse, 3.5, Points
PrizePicks, WNBA1H, Wed, Jul 12 10:00 PM, A'ja Wilson, 10.5, Points
PrizePicks, WNBA1H, Wed, Jul 12 10:00 PM, Nneka Ogwumike, 10.5, Points
PrizePicks, WNBA1H, Wed, Jul 12 10:00 PM, Jordin Canada, 7.5, Points
PrizePicks, WNBA1H, Wed, Jul 12 10:00 PM, Kelsey Plum, 9.5, Points
PrizePicks, WNBA1H, Wed, Jul 12 10:00 PM, Dearica Hamby, 5.5, Points
PrizePicks, WNBA1H, Wed, Jul 12 10:00 PM, Chelsea Gray, 8.5, Points
PrizePicks, WNBA1H, Wed, Jul 12 10:00 PM, Jackie Young, 8.5, Points
