PrizePicks, NFLSZN, Thu, Sep 07 8:15 PM, Derrick Henry, 1199.5, Rush Yards
PrizePicks, NFLSZN, Thu, Sep 07 8:15 PM, Jonathan Taylor, 1175.5, Rush Yards
PrizePicks, NFLSZN, Thu, Sep 07 8:15 PM, Nick Chubb, 1275.5, Rush Yards
PrizePicks, NFLSZN, Thu, Sep 07 8:15 PM, Bijan Robinson, 1099.5, Rush Yards
PrizePicks, NFLSZN, Thu, Sep 07 8:15 PM, Tony Pollard, 1050.5, Rush Yards
PrizePicks, NFLSZN, Thu, Sep 07 8:15 PM, Austin Ekeler, 825.5, Rush Yards
PrizePicks, NFLSZN, Thu, Sep 07 8:15 PM, Breece Hall, 875.5, Rush Yards
PrizePicks, NFLSZN, Thu, Sep 07 8:15 PM, Christian McCaffrey, 850.5, Rush Yards
PrizePicks, NFLSZN, Thu, Sep 07 8:15 PM, Rhamondre Stevenson, 999.5, Rush Yards
PrizePicks, NFLSZN, Thu, Sep 07 8:15 PM, Joe Mixon, 850.5, Rush Yards
PrizePicks, NFLSZN, Thu, Sep 07 8:15 PM, Jalen Hurts, 725.5, Rush Yards
PrizePicks, NFLSZN, Thu, Sep 07 8:15 PM, Josh Allen, 575.5, Rush Yards
PrizePicks, NFLSZN, Thu, Sep 07 8:15 PM, Lamar Jackson, 750.5, Rush Yards
PrizePicks, NFLSZN, Thu, Sep 07 8:15 PM, Daniel Jones, 575.5, Rush Yards
PrizePicks, NFLSZN, Thu, Sep 07 8:15 PM, Justin Fields, 825.5, Rush Yards
PrizePicks, NFLSZN, Thu, Sep 07 8:15 PM, Joe Burrow, 199.5, Rush Yards
PrizePicks, NFLSZN, Thu, Sep 07 8:15 PM, Patrick Mahomes, 325.5, Rush Yards
PrizePicks, NFLSZN, Thu, Sep 07 8:15 PM, Deshaun Watson, 399.5, Rush Yards
PrizePicks, NFLSZN, Thu, Sep 07 8:15 PM, Trevor Lawrence, 285.5, Rush Yards
PrizePicks, NFLSZN, Thu, Sep 07 8:15 PM, Justin Herbert, 199.5, Rush Yards
PrizePicks, NFLSZN, Thu, Sep 07 8:15 PM, Russell Wilson, 225.5, Rush Yards
PrizePicks, NFLSZN, Thu, Sep 07 8:15 PM, Najee Harris, 999.5, Rush Yards
PrizePicks, NFLSZN, Thu, Sep 07 8:15 PM, Travis Etienne Jr., 1025.5, Rush Yards
PrizePicks, NFLSZN, Thu, Sep 07 8:15 PM, Kenneth Walker III, 950.5, Rush Yards
PrizePicks, NFLSZN, Thu, Sep 07 8:15 PM, Dameon Pierce, 925.5, Rush Yards
PrizePicks, NFLSZN, Thu, Sep 07 8:15 PM, James Conner, 650.5, Rush Yards
PrizePicks, NFLSZN, Thu, Sep 07 8:15 PM, J.K. Dobbins, 825.5, Rush Yards
PrizePicks, NFLSZN, Thu, Sep 07 8:15 PM, Miles Sanders, 915.5, Rush Yards
PrizePicks, NFLSZN, Thu, Sep 07 8:15 PM, David Montgomery, 750.5, Rush Yards
PrizePicks, NFLSZN, Thu, Sep 07 8:15 PM, Aaron Jones, 799.5, Rush Yards
PrizePicks, NFLSZN, Thu, Sep 07 8:15 PM, Isiah Pacheco, 799.5, Rush Yards
PrizePicks, NFLSZN, Thu, Sep 07 8:15 PM, Brian Robinson, 825.5, Rush Yards
PrizePicks, NFLSZN, Thu, Sep 07 8:15 PM, A.J. Dillon, 749.5, Rush Yards
PrizePicks, NFLSZN, Thu, Sep 07 8:15 PM, Cam Akers, 750.5, Rush Yards
PrizePicks, NFLSZN, Thu, Sep 07 8:15 PM, D'Andre Swift, 515.5, Rush Yards
PrizePicks, NFLSZN, Thu, Sep 07 8:15 PM, Jahmyr Gibbs, 625.5, Rush Yards
PrizePicks, NFLSZN, Thu, Sep 07 8:15 PM, Rachaad White, 699.5, Rush Yards
PrizePicks, NFLSZN, Thu, Sep 07 8:15 PM, Aaron Rodgers, 3999.5, Pass Yards
PrizePicks, NFLSZN, Thu, Sep 07 8:15 PM, Patrick Mahomes, 4800.5, Pass Yards
PrizePicks, NFLSZN, Thu, Sep 07 8:15 PM, Josh Allen, 4375.5, Pass Yards
PrizePicks, NFLSZN, Thu, Sep 07 8:15 PM, Joe Burrow, 4500.5, Pass Yards
PrizePicks, NFLSZN, Thu, Sep 07 8:15 PM, Justin Herbert, 4625.5, Pass Yards
PrizePicks, NFLSZN, Thu, Sep 07 8:15 PM, Trevor Lawrence, 4149.5, Pass Yards
PrizePicks, NFLSZN, Thu, Sep 07 8:15 PM, Jalen Hurts, 3675.5, Pass Yards
PrizePicks, NFLSZN, Thu, Sep 07 8:15 PM, Lamar Jackson, 3550.5, Pass Yards
PrizePicks, NFLSZN, Thu, Sep 07 8:15 PM, Bryce Young, 3475.5, Pass Yards
PrizePicks, NFLSZN, Thu, Sep 07 8:15 PM, C.J. Stroud, 3399.5, Pass Yards
PrizePicks, NFLSZN, Thu, Sep 07 8:15 PM, Anthony Richardson, 2599.5, Pass Yards
PrizePicks, NFLSZN, Thu, Sep 07 8:15 PM, Dak Prescott, 4125.5, Pass Yards
PrizePicks, NFLSZN, Thu, Sep 07 8:15 PM, Deshaun Watson, 3625.5, Pass Yards
PrizePicks, NFLSZN, Thu, Sep 07 8:15 PM, Tua Tagovailoa, 3850.5, Pass Yards
PrizePicks, NFLSZN, Thu, Sep 07 8:15 PM, Russell Wilson, 3825.5, Pass Yards
PrizePicks, NFLSZN, Thu, Sep 07 8:15 PM, Derek Carr, 3725.5, Pass Yards
PrizePicks, NFLSZN, Thu, Sep 07 8:15 PM, Kirk Cousins, 4275.5, Pass Yards
PrizePicks, NFLSZN, Thu, Sep 07 8:15 PM, Geno Smith, 3899.5, Pass Yards
PrizePicks, NFLSZN, Thu, Sep 07 8:15 PM, Jared Goff, 3999.5, Pass Yards
PrizePicks, NFLSZN, Thu, Sep 07 8:15 PM, Justin Fields, 2930.5, Pass Yards
PrizePicks, NFLSZN, Thu, Sep 07 8:15 PM, Mac Jones, 3399.5, Pass Yards
PrizePicks, NFLSZN, Thu, Sep 07 8:15 PM, Daniel Jones, 3275.5, Pass Yards
PrizePicks, NFLSZN, Thu, Sep 07 8:15 PM, Kenny Pickett, 3300.5, Pass Yards
PrizePicks, NFLSZN, Thu, Sep 07 8:15 PM, Jordan Love, 3325.5, Pass Yards
PrizePicks, NFLSZN, Thu, Sep 07 8:15 PM, Desmond Ridder, 2575.5, Pass Yards
PrizePicks, NFLSZN, Thu, Sep 07 8:15 PM, DeAndre Hopkins, 850.5, Receiving Yards
PrizePicks, NFLSZN, Thu, Sep 07 8:15 PM, Justin Jefferson, 1399.5, Receiving Yards
PrizePicks, NFLSZN, Thu, Sep 07 8:15 PM, Tyreek Hill, 1299.5, Receiving Yards
PrizePicks, NFLSZN, Thu, Sep 07 8:15 PM, Ja'Marr Chase, 1325.5, Receiving Yards
PrizePicks, NFLSZN, Thu, Sep 07 8:15 PM, Travis Kelce, 1150.5, Receiving Yards
PrizePicks, NFLSZN, Thu, Sep 07 8:15 PM, Stefon Diggs, 1199.5, Receiving Yards
PrizePicks, NFLSZN, Thu, Sep 07 8:15 PM, Davante Adams, 1300.5, Receiving Yards
PrizePicks, NFLSZN, Thu, Sep 07 8:15 PM, Cooper Kupp, 1275.5, Receiving Yards
PrizePicks, NFLSZN, Thu, Sep 07 8:15 PM, CeeDee Lamb, 1125.5, Receiving Yards
PrizePicks, NFLSZN, Thu, Sep 07 8:15 PM, Devonta Smith, 1049.5, Receiving Yards
PrizePicks, NFLSZN, Thu, Sep 07 8:15 PM, Garrett Wilson, 1149.5, Receiving Yards
PrizePicks, NFLSZN, Thu, Sep 07 8:15 PM, AJ Brown, 1099.5, Receiving Yards
PrizePicks, NFLSZN, Thu, Sep 07 8:15 PM, Amon-Ra St. Brown	, 1075.5, Receiving Yards
PrizePicks, NFLSZN, Thu, Sep 07 8:15 PM, Jaylen Waddle, 1149.5, Receiving Yards
PrizePicks, NFLSZN, Thu, Sep 07 8:15 PM, Mark Andrews, 899.5, Receiving Yards
PrizePicks, NFLSZN, Thu, Sep 07 8:15 PM, Deebo Samuel, 780.5, Receiving Yards
PrizePicks, NFLSZN, Thu, Sep 07 8:15 PM, Mike Evans, 920.5, Receiving Yards
PrizePicks, NFLSZN, Thu, Sep 07 8:15 PM, Chris Godwin, 799.5, Receiving Yards
PrizePicks, NFLSZN, Thu, Sep 07 8:15 PM, Calvin Ridley, 925.5, Receiving Yards
PrizePicks, NFLSZN, Thu, Sep 07 8:15 PM, Amari Cooper, 975.5, Receiving Yards
PrizePicks, NFLSZN, Thu, Sep 07 8:15 PM, DK Metcalf, 999.5, Receiving Yards
PrizePicks, NFLSZN, Thu, Sep 07 8:15 PM, Keenan Allen, 900.5, Receiving Yards
PrizePicks, NFLSZN, Thu, Sep 07 8:15 PM, Chris Olave, 999.5, Receiving Yards
PrizePicks, NFLSZN, Thu, Sep 07 8:15 PM, JuJu Smith-Schuster, 750.5, Receiving Yards
PrizePicks, NFLSZN, Thu, Sep 07 8:15 PM, George Kittle, 725.5, Receiving Yards
PrizePicks, NFLSZN, Thu, Sep 07 8:15 PM, Terry McLaurin, 899.5, Receiving Yards
PrizePicks, NFLSZN, Thu, Sep 07 8:15 PM, Tee Higgins, 975.5, Receiving Yards
PrizePicks, NFLSZN, Thu, Sep 07 8:15 PM, Kyle Pitts, 725.5, Receiving Yards
PrizePicks, NFLSZN, Thu, Sep 07 8:15 PM, Christian McCaffrey, 599.5, Receiving Yards
PrizePicks, NFLSZN, Thu, Sep 07 8:15 PM, Austin Ekeler, 575.5, Receiving Yards
PrizePicks, NFLSZN, Thu, Sep 07 8:15 PM, Gabriel Davis, 775.5, Receiving Yards
PrizePicks, NFLSZN, Thu, Sep 07 8:15 PM, Brandon Aiyuk, 850.5, Receiving Yards
PrizePicks, NFLSZN, Thu, Sep 07 8:15 PM, Allen Lazard, 699.5, Receiving Yards
PrizePicks, NFLSZN, Thu, Sep 07 8:15 PM, Jerry Jeudy, 899.5, Receiving Yards
PrizePicks, NFLSZN, Thu, Sep 07 8:15 PM, Marquise Brown, 825.5, Receiving Yards
PrizePicks, NFLSZN, Thu, Sep 07 8:15 PM, Tyler Lockett, 875.5, Receiving Yards
PrizePicks, NFLSZN, Thu, Sep 07 8:15 PM, Mike Williams, 825.5, Receiving Yards
PrizePicks, NFLSZN, Thu, Sep 07 8:15 PM, Darren Waller, 725.5, Receiving Yards
PrizePicks, NFLSZN, Thu, Sep 07 8:15 PM, Michael Pittman Jr., 850.5, Receiving Yards
PrizePicks, NFLSZN, Thu, Sep 07 8:15 PM, Christian Kirk, 849.5, Receiving Yards
PrizePicks, NFLSZN, Thu, Sep 07 8:15 PM, Dallas Goedert, 675.5, Receiving Yards
PrizePicks, NFLSZN, Thu, Sep 07 8:15 PM, D.J. Moore, 825.5, Receiving Yards
PrizePicks, NFLSZN, Thu, Sep 07 8:15 PM, Courtland Sutton, 750.5, Receiving Yards
PrizePicks, NFLSZN, Thu, Sep 07 8:15 PM, Diontae Johnson, 850.5, Receiving Yards
PrizePicks, NFLSZN, Thu, Sep 07 8:15 PM, Jaxon Smith-Njigba, 725.5, Receiving Yards
PrizePicks, NFLSZN, Thu, Sep 07 8:15 PM, Jordan Addison, 825.5, Receiving Yards
PrizePicks, NFLSZN, Thu, Sep 07 8:15 PM, Quentin Johnston , 599.5, Receiving Yards
PrizePicks, NFLSZN, Thu, Sep 07 8:15 PM, Zay Flowers, 599.5, Receiving Yards
PrizePicks, NFLSZN, Thu, Sep 07 8:15 PM, Odell Beckham Jr., 575.5, Receiving Yards
PrizePicks, NFLSZN, Thu, Sep 07 8:15 PM, Evan Engram, 675.5, Receiving Yards
PrizePicks, NFLSZN, Thu, Sep 07 8:15 PM, Christian Watson, 765.5, Receiving Yards
PrizePicks, NFLSZN, Thu, Sep 07 8:15 PM, Kadarius Toney, 650.5, Receiving Yards
PrizePicks, NFLSZN, Thu, Sep 07 8:15 PM, Drake London, 850.5, Receiving Yards
PrizePicks, NFLSZN, Thu, Sep 07 8:15 PM, George Pickens, 750.5, Receiving Yards
PrizePicks, NFLSZN, Thu, Sep 07 8:15 PM, David Njoku, 560.5, Receiving Yards
PrizePicks, NFLSZN, Thu, Sep 07 8:15 PM, Tyler Higbee, 499.5, Receiving Yards
PrizePicks, NFLSZN, Thu, Sep 07 8:15 PM, Treylon Burks, 725.5, Receiving Yards
PrizePicks, NFLSZN, Thu, Sep 07 8:15 PM, Tim Patrick, 525.5, Receiving Yards
PrizePicks, NFLSZN, Thu, Sep 07 8:15 PM, Adam Thielen, 555.5, Receiving Yards
PrizePicks, NFLSZN, Thu, Sep 07 8:15 PM, Robert Woods, 549.5, Receiving Yards
PrizePicks, NFLSZN, Thu, Sep 07 8:15 PM, Dawson Knox, 425.5, Receiving Yards
PrizePicks, NFLSZN, Thu, Sep 07 8:15 PM, Aaron Rodgers, 28.5, Pass TDs
PrizePicks, NFLSZN, Thu, Sep 07 8:15 PM, Patrick Mahomes, 36.5, Pass TDs
PrizePicks, NFLSZN, Thu, Sep 07 8:15 PM, Josh Allen, 32.5, Pass TDs
PrizePicks, NFLSZN, Thu, Sep 07 8:15 PM, Joe Burrow, 33.5, Pass TDs
PrizePicks, NFLSZN, Thu, Sep 07 8:15 PM, Justin Herbert, 29.5, Pass TDs
PrizePicks, NFLSZN, Thu, Sep 07 8:15 PM, Trevor Lawrence, 26.5, Pass TDs
PrizePicks, NFLSZN, Thu, Sep 07 8:15 PM, Jalen Hurts, 22.5, Pass TDs
PrizePicks, NFLSZN, Thu, Sep 07 8:15 PM, Lamar Jackson, 22.5, Pass TDs
PrizePicks, NFLSZN, Thu, Sep 07 8:15 PM, Bryce Young, 21.5, Pass TDs
PrizePicks, NFLSZN, Thu, Sep 07 8:15 PM, C.J. Stroud, 20.5, Pass TDs
PrizePicks, NFLSZN, Thu, Sep 07 8:15 PM, Dak Prescott, 26.5, Pass TDs
PrizePicks, NFLSZN, Thu, Sep 07 8:15 PM, Deshaun Watson, 25.5, Pass TDs
PrizePicks, NFLSZN, Thu, Sep 07 8:15 PM, Tua Tagovailoa, 26.5, Pass TDs
PrizePicks, NFLSZN, Thu, Sep 07 8:15 PM, Russell Wilson, 24.5, Pass TDs
PrizePicks, NFLSZN, Thu, Sep 07 8:15 PM, Derek Carr, 23.5, Pass TDs
PrizePicks, NFLSZN, Thu, Sep 07 8:15 PM, Kirk Cousins, 28.5, Pass TDs
PrizePicks, NFLSZN, Thu, Sep 07 8:15 PM, Jared Goff, 25.5, Pass TDs
PrizePicks, NFLSZN, Thu, Sep 07 8:15 PM, Geno Smith, 26.5, Pass TDs
PrizePicks, NFLSZN, Thu, Sep 07 8:15 PM, Justin Fields, 18.5, Pass TDs
PrizePicks, NFLSZN, Thu, Sep 07 8:15 PM, Mac Jones, 19.5, Pass TDs
PrizePicks, NFLSZN, Thu, Sep 07 8:15 PM, Daniel Jones, 17.5, Pass TDs
PrizePicks, NFLSZN, Thu, Sep 07 8:15 PM, Jordan Love, 20.5, Pass TDs
PrizePicks, NFLSZN, Thu, Sep 07 8:15 PM, Kenny Pickett, 19.5, Pass TDs
PrizePicks, NFLSZN, Thu, Sep 07 8:15 PM, Desmond Ridder, 15.5, Pass TDs
PrizePicks, NFLSZN, Thu, Sep 07 8:15 PM, Derrick Henry, 9.5, Rush TDs
PrizePicks, NFLSZN, Thu, Sep 07 8:15 PM, Jonathan Taylor, 8.5, Rush TDs
PrizePicks, NFLSZN, Thu, Sep 07 8:15 PM, Nick Chubb, 8.5, Rush TDs
PrizePicks, NFLSZN, Thu, Sep 07 8:15 PM, Christian McCaffrey, 7.5, Rush TDs
PrizePicks, NFLSZN, Thu, Sep 07 8:15 PM, Bijan Robinson, 8.5, Rush TDs
PrizePicks, NFLSZN, Thu, Sep 07 8:15 PM, Tony Pollard, 8.5, Rush TDs
PrizePicks, NFLSZN, Thu, Sep 07 8:15 PM, Austin Ekeler, 8.5, Rush TDs
PrizePicks, NFLSZN, Thu, Sep 07 8:15 PM, Breece Hall, 6.0, Rush TDs
PrizePicks, NFLSZN, Thu, Sep 07 8:15 PM, Rhamondre Stevenson, 6.5, Rush TDs
PrizePicks, NFLSZN, Thu, Sep 07 8:15 PM, Joe Mixon, 7.5, Rush TDs
PrizePicks, NFLSZN, Thu, Sep 07 8:15 PM, Jalen Hurts, 11.0, Rush TDs
PrizePicks, NFLSZN, Thu, Sep 07 8:15 PM, Josh Allen, 6.5, Rush TDs
PrizePicks, NFLSZN, Thu, Sep 07 8:15 PM, Lamar Jackson, 5.5, Rush TDs
PrizePicks, NFLSZN, Thu, Sep 07 8:15 PM, Justin Fields, 6.5, Rush TDs
PrizePicks, NFLSZN, Thu, Sep 07 8:15 PM, Najee Harris, 7.0, Rush TDs
PrizePicks, NFLSZN, Thu, Sep 07 8:15 PM, Travis Etienne Jr., 6.5, Rush TDs
PrizePicks, NFLSZN, Thu, Sep 07 8:15 PM, Kenneth Walker III, 7.5, Rush TDs
PrizePicks, NFLSZN, Thu, Sep 07 8:15 PM, James Conner, 6.5, Rush TDs
PrizePicks, NFLSZN, Thu, Sep 07 8:15 PM, J.K. Dobbins, 6.5, Rush TDs
PrizePicks, NFLSZN, Thu, Sep 07 8:15 PM, Miles Sanders, 6.5, Rush TDs
PrizePicks, NFLSZN, Thu, Sep 07 8:15 PM, Isiah Pacheco, 5.5, Rush TDs
PrizePicks, NFLSZN, Thu, Sep 07 8:15 PM, Cam Akers, 6.5, Rush TDs
PrizePicks, NFLSZN, Thu, Sep 07 8:15 PM, Brian Robinson, 5.5, Rush TDs
PrizePicks, NFLSZN, Thu, Sep 07 8:15 PM, Dameon Pierce, 5.5, Rush TDs
PrizePicks, NFLSZN, Thu, Sep 07 8:15 PM, James Cook, 3.5, Rush TDs
PrizePicks, NFLSZN, Thu, Sep 07 8:15 PM, Alexander Mattison, 7.5, Rush TDs
PrizePicks, NFLSZN, Thu, Sep 07 8:15 PM, D'Andre Swift, 4.5, Rush TDs
PrizePicks, NFLSZN, Thu, Sep 07 8:15 PM, Rachaad White, 4.5, Rush TDs
PrizePicks, NFLSZN, Thu, Sep 07 8:15 PM, Joe Burrow, 3.0, Rush TDs
PrizePicks, NFLSZN, Thu, Sep 07 8:15 PM, Trevor Lawrence, 3.0, Rush TDs
PrizePicks, NFLSZN, Thu, Sep 07 8:15 PM, Deshaun Watson, 3.0, Rush TDs
PrizePicks, NFLSZN, Thu, Sep 07 8:15 PM, Justin Herbert, 2.5, Rush TDs
PrizePicks, NFLSZN, Thu, Sep 07 8:15 PM, Russell Wilson, 2.5, Rush TDs
PrizePicks, NFLSZN, Thu, Sep 07 8:15 PM, Aaron Rodgers, 1.5, Rush TDs
PrizePicks, NFLSZN, Thu, Sep 07 8:15 PM, Mac Jones, 0.5, Rush TDs
PrizePicks, NFLSZN, Thu, Sep 07 8:15 PM, DeAndre Hopkins, 4.5, Rec TDs
PrizePicks, NFLSZN, Thu, Sep 07 8:15 PM, Justin Jefferson, 8.5, Rec TDs
PrizePicks, NFLSZN, Thu, Sep 07 8:15 PM, Ja'Marr Chase, 10.0, Rec TDs
PrizePicks, NFLSZN, Thu, Sep 07 8:15 PM, Travis Kelce, 9.5, Rec TDs
PrizePicks, NFLSZN, Thu, Sep 07 8:15 PM, Cooper Kupp, 9.5, Rec TDs
PrizePicks, NFLSZN, Thu, Sep 07 8:15 PM, Stefon Diggs, 8.5, Rec TDs
PrizePicks, NFLSZN, Thu, Sep 07 8:15 PM, Davante Adams, 8.5, Rec TDs
PrizePicks, NFLSZN, Thu, Sep 07 8:15 PM, Garrett Wilson, 8.0, Rec TDs
PrizePicks, NFLSZN, Thu, Sep 07 8:15 PM, CeeDee Lamb, 7.5, Rec TDs
PrizePicks, NFLSZN, Thu, Sep 07 8:15 PM, Jaylen Waddle, 6.5, Rec TDs
PrizePicks, NFLSZN, Thu, Sep 07 8:15 PM, AJ Brown, 7.5, Rec TDs
PrizePicks, NFLSZN, Thu, Sep 07 8:15 PM, DK Metcalf, 7.5, Rec TDs
PrizePicks, NFLSZN, Thu, Sep 07 8:15 PM, Mike Evans, 6.5, Rec TDs
PrizePicks, NFLSZN, Thu, Sep 07 8:15 PM, Mark Andrews, 6.5, Rec TDs
PrizePicks, NFLSZN, Thu, Sep 07 8:15 PM, Amari Cooper, 6.5, Rec TDs
PrizePicks, NFLSZN, Thu, Sep 07 8:15 PM, Calvin Ridley, 6.0, Rec TDs
PrizePicks, NFLSZN, Thu, Sep 07 8:15 PM, Devonta Smith, 6.5, Rec TDs
PrizePicks, NFLSZN, Thu, Sep 07 8:15 PM, Tyler Lockett, 6.0, Rec TDs
PrizePicks, NFLSZN, Thu, Sep 07 8:15 PM, George Kittle, 5.5, Rec TDs
PrizePicks, NFLSZN, Thu, Sep 07 8:15 PM, Brandon Aiyuk, 5.5, Rec TDs
PrizePicks, NFLSZN, Thu, Sep 07 8:15 PM, Jerry Jeudy, 5.5, Rec TDs
PrizePicks, NFLSZN, Thu, Sep 07 8:15 PM, Courtland Sutton, 4.5, Rec TDs
PrizePicks, NFLSZN, Thu, Sep 07 8:15 PM, Amon-Ra St. Brown	, 5.5, Rec TDs
PrizePicks, NFLSZN, Thu, Sep 07 8:15 PM, Gabriel Davis, 6.5, Rec TDs
PrizePicks, NFLSZN, Thu, Sep 07 8:15 PM, Christian Kirk, 5.5, Rec TDs
PrizePicks, NFLSZN, Thu, Sep 07 8:15 PM, Tee Higgins, 6.5, Rec TDs
PrizePicks, NFLSZN, Thu, Sep 07 8:15 PM, Kadarius Toney, 5.5, Rec TDs
PrizePicks, NFLSZN, Thu, Sep 07 8:15 PM, Keenan Allen, 5.5, Rec TDs
PrizePicks, NFLSZN, Thu, Sep 07 8:15 PM, Mike Williams, 5.5, Rec TDs
PrizePicks, NFLSZN, Thu, Sep 07 8:15 PM, Chris Olave, 5.5, Rec TDs
PrizePicks, NFLSZN, Thu, Sep 07 8:15 PM, Diontae Johnson, 5.5, Rec TDs
PrizePicks, NFLSZN, Thu, Sep 07 8:15 PM, Chris Godwin, 5.5, Rec TDs
PrizePicks, NFLSZN, Thu, Sep 07 8:15 PM, Darren Waller, 5.0, Rec TDs
PrizePicks, NFLSZN, Thu, Sep 07 8:15 PM, Terry McLaurin, 4.5, Rec TDs
PrizePicks, NFLSZN, Thu, Sep 07 8:15 PM, Marquise Brown, 4.5, Rec TDs
PrizePicks, NFLSZN, Thu, Sep 07 8:15 PM, Kyle Pitts, 4.5, Rec TDs
PrizePicks, NFLSZN, Thu, Sep 07 8:15 PM, Drake London, 4.5, Rec TDs
PrizePicks, NFLSZN, Thu, Sep 07 8:15 PM, D.J. Moore, 4.5, Rec TDs
PrizePicks, NFLSZN, Thu, Sep 07 8:15 PM, Tyler Boyd, 4.5, Rec TDs
PrizePicks, NFLSZN, Thu, Sep 07 8:15 PM, Michael Pittman Jr., 4.5, Rec TDs
PrizePicks, NFLSZN, Thu, Sep 07 8:15 PM, Van Jefferson, 4.0, Rec TDs
PrizePicks, NFLSZN, Thu, Sep 07 8:15 PM, Odell Beckham Jr., 4.5, Rec TDs
PrizePicks, NFLSZN, Thu, Sep 07 8:15 PM, Dawson Knox, 4.5, Rec TDs
PrizePicks, NFLSZN, Thu, Sep 07 8:15 PM, Michael Gallup, 4.5, Rec TDs
PrizePicks, NFLSZN, Thu, Sep 07 8:15 PM, Christian Watson, 4.5, Rec TDs
PrizePicks, NFLSZN, Thu, Sep 07 8:15 PM, Adam Thielen, 4.5, Rec TDs
PrizePicks, NFLSZN, Thu, Sep 07 8:15 PM, Marquez Valdes-Scantling, 3.5, Rec TDs
PrizePicks, NFLSZN, Thu, Sep 07 8:15 PM, Tyler Higbee, 4.5, Rec TDs
PrizePicks, NFLSZN, Thu, Sep 07 8:15 PM, T.J. Hockenson, 5.5, Rec TDs
PrizePicks, NFLSZN, Thu, Sep 07 8:15 PM, JuJu Smith-Schuster, 4.5, Rec TDs
PrizePicks, NFLSZN, Thu, Sep 07 8:15 PM, Allen Lazard, 4.5, Rec TDs
PrizePicks, NFLSZN, Thu, Sep 07 8:15 PM, George Pickens, 4.0, Rec TDs
PrizePicks, NFLSZN, Thu, Sep 07 8:15 PM, Pat Freiermuth, 4.5, Rec TDs
PrizePicks, NFLSZN, Thu, Sep 07 8:15 PM, Jordan Addison, 4.5, Rec TDs
PrizePicks, NFLSZN, Thu, Sep 07 8:15 PM, Deebo Samuel, 4.5, Rec TDs
PrizePicks, NFLSZN, Thu, Sep 07 8:15 PM, Jaxon Smith-Njigba, 4.5, Rec TDs
PrizePicks, NFLSZN, Thu, Sep 07 8:15 PM, Treylon Burks, 4.5, Rec TDs
PrizePicks, NFLSZN, Thu, Sep 07 8:15 PM, David Njoku, 3.5, Rec TDs
PrizePicks, NFLSZN, Thu, Sep 07 8:15 PM, Evan Engram, 3.5, Rec TDs
PrizePicks, NFLSZN, Thu, Sep 07 8:15 PM, Dallas Goedert, 3.5, Rec TDs
PrizePicks, NFLSZN, Thu, Sep 07 8:15 PM, Jahan Dotson, 4.5, Rec TDs
PrizePicks, NFLSZN, Thu, Sep 07 8:15 PM, Sam LaPorta, 3.5, Rec TDs
PrizePicks, NFLSZN, Thu, Sep 07 8:15 PM, Austin Ekeler, 4.5, Rec TDs
PrizePicks, NFLSZN, Thu, Sep 07 8:15 PM, Christian McCaffrey, 4.5, Rec TDs
PrizePicks, NFLSZN, Thu, Sep 07 8:15 PM, Tony Pollard, 2.5, Rec TDs
PrizePicks, NFLSZN, Thu, Sep 07 8:15 PM, Derrick Henry, 0.5, Rec TDs
PrizePicks, NFLSZN, Thu, Sep 07 8:15 PM, Nick Chubb, 0.5, Rec TDs
PrizePicks, NFLSZN, Thu, Sep 07 8:15 PM, Joe Mixon, 1.5, Rec TDs
PrizePicks, NFLSZN, Thu, Sep 07 8:15 PM, Najee Harris, 2.5, Rec TDs
PrizePicks, NFLSZN, Thu, Sep 07 8:15 PM, Kenneth Walker III, 0.5, Rec TDs
PrizePicks, NFLSZN, Thu, Sep 07 8:15 PM, Miles Sanders, 0.5, Rec TDs
PrizePicks, NFLSZN, Thu, Sep 07 8:15 PM, Nick Bosa, 15.25, Sacks
PrizePicks, NFLSZN, Thu, Sep 07 8:15 PM, Myles Garrett, 14.25, Sacks
PrizePicks, NFLSZN, Thu, Sep 07 8:15 PM, Micah Parsons	, 13.75, Sacks
PrizePicks, NFLSZN, Thu, Sep 07 8:15 PM, T.J. Watt, 13.5, Sacks
PrizePicks, NFLSZN, Thu, Sep 07 8:15 PM, Aidan Hutchinson, 10.5, Sacks
PrizePicks, NFLSZN, Thu, Sep 07 8:15 PM, Haason Reddick	, 11.75, Sacks
PrizePicks, NFLSZN, Thu, Sep 07 8:15 PM, Maxx Crosby , 11.25, Sacks
PrizePicks, NFLSZN, Thu, Sep 07 8:15 PM, Matthew Judon	, 11.5, Sacks
PrizePicks, NFLSZN, Thu, Sep 07 8:15 PM, Za'Darius Smith	, 9.75, Sacks
PrizePicks, NFLSZN, Thu, Sep 07 8:15 PM, Brian Burns, 10.25, Sacks
PrizePicks, NFLSZN, Thu, Sep 07 8:15 PM, Joey Bosa, 9.75, Sacks
PrizePicks, NFLSZN, Thu, Sep 07 8:15 PM, Trey Hendrickson	, 9.75, Sacks
PrizePicks, NFLSZN, Thu, Sep 07 8:15 PM, Alex Highsmith, 9.5, Sacks
PrizePicks, NFLSZN, Thu, Sep 07 8:15 PM, Jaelan Phillips, 8.75, Sacks
PrizePicks, NFLSZN, Thu, Sep 07 8:15 PM, Kayvon Thibodeaux	, 5.75, Sacks
PrizePicks, NFLSZN, Thu, Sep 07 8:15 PM, Will Anderson, 8.0, Sacks
PrizePicks, NFLSZN, Thu, Sep 07 8:15 PM, Leonard Floyd, 7.75, Sacks
PrizePicks, NFLSZN, Thu, Sep 07 8:15 PM, Bradley Chubb, 7.75, Sacks
PrizePicks, NFLSZN, Thu, Sep 07 8:15 PM, Uchenna Nwosa, 7.75, Sacks
PrizePicks, NFLSZN, Thu, Sep 07 8:15 PM, Preston Smith, 7.75, Sacks
PrizePicks, NFLSZN, Thu, Sep 07 8:15 PM, Khalil Mack, 7.75, Sacks
PrizePicks, NFLSZN, Thu, Sep 07 8:15 PM, Cameron Jordan, 7.75, Sacks
PrizePicks, NFLSZN, Thu, Sep 07 8:15 PM, Gregory Rousseau, 7.75, Sacks
PrizePicks, NFLSZN, Thu, Sep 07 8:15 PM, Josh Sweat, 7.25, Sacks
PrizePicks, NFLSZN, Thu, Sep 07 8:15 PM, Chandler Jones, 7.25, Sacks
PrizePicks, NFLSZN, Thu, Sep 07 8:15 PM, Sam Hubbard, 6.5, Sacks
PrizePicks, NFLSZN, Thu, Sep 07 8:15 PM, George Karlaftis	, 6.25, Sacks
PrizePicks, NFLSZN, Thu, Sep 07 8:15 PM, Tyree Wilson, 6.0, Sacks
PrizePicks, NFLSZN, Thu, Sep 07 8:15 PM, Frank Clark, 5.25, Sacks
PrizePicks, NFLSZN, Thu, Sep 07 8:15 PM, Patrick Mahomes, 11.5, Pass INTs
PrizePicks, NFLSZN, Thu, Sep 07 8:15 PM, Josh Allen, 13.5, Pass INTs
PrizePicks, NFLSZN, Thu, Sep 07 8:15 PM, Joe Burrow, 12.5, Pass INTs
PrizePicks, NFLSZN, Thu, Sep 07 8:15 PM, Justin Herbert, 10.5, Pass INTs
PrizePicks, NFLSZN, Thu, Sep 07 8:15 PM, Trevor Lawrence, 10.5, Pass INTs
PrizePicks, NFLSZN, Thu, Sep 07 8:15 PM, Jalen Hurts, 8.5, Pass INTs
PrizePicks, NFLSZN, Thu, Sep 07 8:15 PM, Lamar Jackson, 9.5, Pass INTs
PrizePicks, NFLSZN, Thu, Sep 07 8:15 PM, Deshaun Watson, 11.5, Pass INTs
PrizePicks, NFLSZN, Thu, Sep 07 8:15 PM, Kirk Cousins, 12.5, Pass INTs
PrizePicks, NFLSZN, Thu, Sep 07 8:15 PM, Dak Prescott, 13.5, Pass INTs
PrizePicks, NFLSZN, Thu, Sep 07 8:15 PM, Tua Tagovailoa, 10.5, Pass INTs
PrizePicks, NFLSZN, Thu, Sep 07 8:15 PM, Geno Smith, 11.5, Pass INTs
PrizePicks, NFLSZN, Thu, Sep 07 8:15 PM, Derek Carr, 11.5, Pass INTs
PrizePicks, NFLSZN, Thu, Sep 07 8:15 PM, Mac Jones, 11.5, Pass INTs
PrizePicks, NFLSZN, Thu, Sep 07 8:15 PM, Kenny Pickett, 11.5, Pass INTs
PrizePicks, NFLSZN, Thu, Sep 07 8:15 PM, Daniel Jones, 8.5, Pass INTs
PrizePicks, NFLSZN, Thu, Sep 07 8:15 PM, Justin Fields, 10.5, Pass INTs
PrizePicks, NFLSZN, Thu, Sep 07 8:15 PM, Russell Wilson, 10.5, Pass INTs
PrizePicks, NFLSZN, Thu, Sep 07 8:15 PM, Jordan Love, 12.5, Pass INTs
PrizePicks, NFLSZN, Thu, Sep 07 8:15 PM, Matthew Stafford, 12.0, Pass INTs
PrizePicks, NFLSZN, Thu, Sep 07 8:15 PM, Jared Goff, 11.5, Pass INTs
