PrizePicks, Dota2, Thu, Jul 20 5:00 AM, miCKe, 14.5, MAPS 1-2 Kills
PrizePicks, Dota2, Thu, Jul 20 5:00 AM, Nisha, 14.5, MAPS 1-2 Kills
PrizePicks, Dota2, Thu, Jul 20 5:00 AM, Monet, 11.0, MAPS 1-2 Kills
PrizePicks, Dota2, Thu, Jul 20 5:00 AM, SumaiL, 12.5, MAPS 1-2 Kills
PrizePicks, Dota2, Thu, Jul 20 5:00 AM, Timado, 12.0, MAPS 1-2 Kills
PrizePicks, Dota2, Thu, Jul 20 5:00 AM, Bryle, 15.0, MAPS 1-2 Kills
PrizePicks, Dota2, Thu, Jul 20 5:00 AM, Kiritych, 11.0, MAPS 1-2 Kills
PrizePicks, Dota2, Thu, Jul 20 5:00 AM, squad1x, 14.0, MAPS 1-2 Kills
PrizePicks, Dota2, Thu, Jul 20 5:00 AM, Palos, 9.5, MAPS 1-2 Kills
PrizePicks, Dota2, Thu, Jul 20 5:00 AM, Bob, 11.5, MAPS 1-2 Kills
PrizePicks, Dota2, Thu, Jul 20 5:00 AM, watson, 17.0, MAPS 1-2 Kills
PrizePicks, Dota2, Thu, Jul 20 5:00 AM, Stormstormer, 12.0, MAPS 1-2 Kills
PrizePicks, Dota2, Thu, Jul 20 7:45 AM, Parker, 14.5, MAPS 1-2 Kills
PrizePicks, Dota2, Thu, Jul 20 7:45 AM, DarkMago, 12.0, MAPS 1-2 Kills
PrizePicks, Dota2, Thu, Jul 20 7:45 AM, TA2000, 14.0, MAPS 1-2 Kills
PrizePicks, Dota2, Thu, Jul 20 7:45 AM, No!ob, 14.0, MAPS 1-2 Kills
PrizePicks, Dota2, Thu, Jul 20 7:45 AM, Crystallis, 11.5, MAPS 1-2 Kills
PrizePicks, Dota2, Thu, Jul 20 7:45 AM, Armel, 11.5, MAPS 1-2 Kills
PrizePicks, Dota2, Thu, Jul 20 7:45 AM, RAMZES666, 12.5, MAPS 1-2 Kills
PrizePicks, Dota2, Thu, Jul 20 7:45 AM, kiyotaka, 18.5, MAPS 1-2 Kills
PrizePicks, Dota2, Thu, Jul 20 7:45 AM, Yuragi, 12.0, MAPS 1-2 Kills
PrizePicks, Dota2, Thu, Jul 20 7:45 AM, bzm, 15.0, MAPS 1-2 Kills
PrizePicks, Dota2, Thu, Jul 20 7:45 AM, Ghost, 11.5, MAPS 1-2 Kills
PrizePicks, Dota2, Thu, Jul 20 7:45 AM, Paparazi, 13.5, MAPS 1-2 Kills
