PrizePicks, WNBA, Wed, Jul 12 12:00 PM, Breanna Stewart, 22.5, Points
PrizePicks, WNBA, Wed, Jul 12 12:00 PM, Aliyah Boston, 15.5, Points
PrizePicks, WNBA, Wed, Jul 12 12:00 PM, Sabrina Ionescu, 15.5, Points
PrizePicks, WNBA, Wed, Jul 12 12:00 PM, Kelsey Mitchell, 17.5, Points
PrizePicks, WNBA, Wed, Jul 12 12:00 PM, Courtney Vandersloot, 11.0, Points
PrizePicks, WNBA, Wed, Jul 12 12:00 PM, Erica Wheeler, 8.5, Points
PrizePicks, WNBA, Wed, Jul 12 12:00 PM, Jonquel Jones, 11.0, Points
PrizePicks, WNBA, Wed, Jul 12 12:00 PM, Betnijah Laney, 12.0, Points
PrizePicks, WNBA, Wed, Jul 12 12:00 PM, Kahleah Copper, 16.5, Points
PrizePicks, WNBA, Wed, Jul 12 12:00 PM, DeWanna Bonner, 19.5, Points
PrizePicks, WNBA, Wed, Jul 12 12:00 PM, Marina Mabrey, 14.5, Points
PrizePicks, WNBA, Wed, Jul 12 12:00 PM, Courtney Williams, 11.0, Points
PrizePicks, WNBA, Wed, Jul 12 12:00 PM, Tiffany Hayes, 10.5, Points
PrizePicks, WNBA, Wed, Jul 12 12:00 PM, Elizabeth Williams, 10.5, Points
PrizePicks, WNBA, Wed, Jul 12 1:00 PM, Arike Ogunbowale, 21.5, Points
PrizePicks, WNBA, Wed, Jul 12 12:00 PM, Alyssa Thomas, 14.5, Points
PrizePicks, WNBA, Wed, Jul 12 12:00 PM, Natisha Hiedeman, 9.5, Points
PrizePicks, WNBA, Wed, Jul 12 12:00 PM, Alanna Smith, 9.0, Points
PrizePicks, WNBA, Wed, Jul 12 1:00 PM, Satou Sabally, 16.0, Points
PrizePicks, WNBA, Wed, Jul 12 1:00 PM, Natasha Howard, 16.5, Points
PrizePicks, WNBA, Wed, Jul 12 7:00 PM, Rhyne Howard, 19.5, Points
PrizePicks, WNBA, Wed, Jul 12 1:00 PM, Teaira McCowan, 10.5, Points
PrizePicks, WNBA, Wed, Jul 12 7:00 PM, Allisha Gray, 19.5, Points
PrizePicks, WNBA, Wed, Jul 12 7:00 PM, Ezi Magbegor, 14.0, Points
PrizePicks, WNBA, Wed, Jul 12 7:00 PM, Ivana Dojkic, 7.5, Points
PrizePicks, WNBA, Wed, Jul 12 7:00 PM, Jewell Loyd, 23.5, Points
PrizePicks, WNBA, Wed, Jul 12 7:00 PM, Cheyenne Parker, 15.5, Points
PrizePicks, WNBA, Wed, Jul 12 7:00 PM, Nia Coffey, 7.5, Points
PrizePicks, WNBA, Wed, Jul 12 7:00 PM, Kia Nurse, 6.5, Points
PrizePicks, WNBA, Wed, Jul 12 10:00 PM, A'ja Wilson, 19.5, Points
PrizePicks, WNBA, Wed, Jul 12 10:00 PM, Nneka Ogwumike, 21.5, Points
PrizePicks, WNBA, Wed, Jul 12 10:00 PM, Jordin Canada, 13.5, Points
PrizePicks, WNBA, Wed, Jul 12 10:00 PM, Kelsey Plum, 19.5, Points
PrizePicks, WNBA, Wed, Jul 12 10:00 PM, Dearica Hamby, 11.5, Points
PrizePicks, WNBA, Wed, Jul 12 10:00 PM, Chelsea Gray, 14.5, Points
PrizePicks, WNBA, Wed, Jul 12 10:00 PM, Jackie Young, 17.5, Points
