Betano, Games Over/Under, Hamburg, Bernabe Zapata Miralles - Andrey Rublev, Winner and Total Games, Bernabe Zapata Miralles and Over14.5, +430, Bernabe Zapata Miralles and Under14.5, +8900, Andrey Rublev and Over14.5, -667, Andrey Rublev and Under14.5, +1300, Bernabe Zapata Miralles and Over15.5, +460, Bernabe Zapata Miralles and Under15.5, +7900, Andrey Rublev and Over15.5, -476, Andrey Rublev and Under15.5, +700, Bernabe Zapata Miralles and Over16.5, +490, Bernabe Zapata Miralles and Under16.5, +6900, Andrey Rublev and Over16.5, -278, Andrey Rublev and Under16.5, +355, Bernabe Zapata Miralles and Over17.5, +520, Bernabe Zapata Miralles and Under17.5, +4400, Andrey Rublev and Over17.5, -192, Andrey Rublev and Under17.5, +235, Bernabe Zapata Miralles and Over18.5, +550, Bernabe Zapata Miralles and Under18.5, +3600, Andrey Rublev and Over18.5, -120, Andrey Rublev and Under18.5, +142, Bernabe Zapata Miralles and Over19.5, +600, Bernabe Zapata Miralles and Under19.5, +2400, Andrey Rublev and Over19.5, +107, Andrey Rublev and Under19.5, +110, Bernabe Zapata Miralles and Over20.5, +630, Bernabe Zapata Miralles and Under20.5, +2000, Andrey Rublev and Over20.5, +150, Andrey Rublev and Under20.5, -125, Bernabe Zapata Miralles and Over21.5, +670, Bernabe Zapata Miralles and Under21.5, +1750, Andrey Rublev and Over21.5, +180, Andrey Rublev and Under21.5, -154, Bernabe Zapata Miralles and Over22.5, +725, Bernabe Zapata Miralles and Under22.5, +1450, Andrey Rublev and Over22.5, +230, Andrey Rublev and Under22.5, -189, Bernabe Zapata Miralles and Over23.5, +800, Bernabe Zapata Miralles and Under23.5, +1200, Andrey Rublev and Over23.5, +270, Andrey Rublev and Under23.5, -213, Bernabe Zapata Miralles and Over24.5, +800, Bernabe Zapata Miralles and Under24.5, +1200, Andrey Rublev and Over24.5, +290, Andrey Rublev and Under24.5, -227, Bernabe Zapata Miralles and Over25.5, +875, Bernabe Zapata Miralles and Under25.5, +1075, Andrey Rublev and Over25.5, +325, Andrey Rublev and Under25.5, -250, Bernabe Zapata Miralles and Over26.5, +925, Bernabe Zapata Miralles and Under26.5, +975, Andrey Rublev and Over26.5, +380, Andrey Rublev and Under26.5, -286, Bernabe Zapata Miralles and Over27.5, +1025, Bernabe Zapata Miralles and Under27.5, +875, Andrey Rublev and Over27.5, +430, Andrey Rublev and Under27.5, -312, Bernabe Zapata Miralles and Over28.5, +1100, Bernabe Zapata Miralles and Under28.5, +800, Andrey Rublev and Over28.5, +520, Andrey Rublev and Under28.5, -357, Bernabe Zapata Miralles and Over29.5, +1300, Bernabe Zapata Miralles and Under29.5, +700, Andrey Rublev and Over29.5, +610, Andrey Rublev and Under29.5, -400, Bernabe Zapata Miralles and Over30.5, +1450, Bernabe Zapata Miralles and Under30.5, +640, Andrey Rublev and Over30.5, +775, Andrey Rublev and Under30.5, -476, Bernabe Zapata Miralles and Over31.5, +1800, Bernabe Zapata Miralles and Under31.5, +570, Andrey Rublev and Over31.5, +975, Andrey Rublev and Under31.5, -556, Bernabe Zapata Miralles and Over32.5, +2200, Bernabe Zapata Miralles and Under32.5, +520, Andrey Rublev and Over32.5, +1400, Andrey Rublev and Under32.5, -667, Bernabe Zapata Miralles and Over33.5, +2700, Bernabe Zapata Miralles and Under33.5, +480, Andrey Rublev and Over33.5, +1700, Andrey Rublev and Under33.5, -714
Betano, Games Over/Under, Hamburg, Bernabe Zapata Miralles - Andrey Rublev, Games, Over14.5, -4000, Under14.5, +850, Over15.5, -1429, Under15.5, +590, Over16.5, -556, Under16.5, +335, Over17.5, -333, Under17.5, +225, Over18.5, -192, Under18.5, +137, Over19.5, -143, Under19.5, +102, Over20.5, +100, Under20.5, -139, Over21.5, +120, Under21.5, -167, Over22.5, +155, Under22.5, -222, Over23.5, +182, Under23.5, -263, Over24.5, +195, Under24.5, -286, Over25.5, +215, Under25.5, -323, Over26.5, +255, Under26.5, -400, Over27.5, +285, Under27.5, -455, Over28.5, +340, Under28.5, -588, Over29.5, +400, Under29.5, -714, Over30.5, +480, Under30.5, -1000, Over31.5, +590, Under31.5, -1429, Over32.5, +725, Under32.5, -2500, Over33.5, +825, Under33.5, -3333
Betano, Games Over/Under, Hamburg, Bernabe Zapata Miralles - Andrey Rublev, Set Total Games (Set 1), Over6.5, -4000, Under6.5, +875, Over7.5, -833, Under7.5, +430, Over8.5, -238, Under8.5, +165, Over9.5, +100, Under9.5, -139, Over10.5, +280, Under10.5, -455, Over12.5, +430, Under12.5, -833
Betano, Games Over/Under, Hamburg, Bernabe Zapata Miralles - Andrey Rublev, Andrey Rublev Games Won, Over9.5, -3333, Under9.5, +900, Over10.5, -2500, Under10.5, +825, Over11.5, -2000, Under11.5, +750, Over12.5, -102, Under12.5, -128, Over13.5, +220, Under13.5, -312, Over14.5, +270, Under14.5, -400, Over15.5, +365, Under15.5, -588, Over16.5, +530, Under16.5, -1000, Over17.5, +700, Under17.5, -1667
Betano, Games Over/Under, Hamburg, Bernabe Zapata Miralles - Andrey Rublev, Bernabe Zapata Miralles First Set Total Games, Over3.5, -139, Under3.5, +105
Betano, Games Over/Under, Hamburg, Bernabe Zapata Miralles - Andrey Rublev, Set Total Games (Set 2), Over6.5, -4000, Under6.5, +875, Over7.5, -714, Under7.5, +400, Over8.5, -238, Under8.5, +165, Over9.5, +105, Under9.5, -143, Over10.5, +280, Under10.5, -455, Over12.5, +430, Under12.5, -833
Betano, Games Over/Under, Hamburg, Bernabe Zapata Miralles - Andrey Rublev, Bernabe Zapata Miralles Games Won, Over4.5, -556, Under4.5, +355, Over5.5, -333, Under5.5, +235, Over6.5, -182, Under6.5, +137, Over7.5, -128, Under7.5, -102, Over8.5, +107, Under8.5, -143, Over9.5, +142, Under9.5, -192, Over10.5, +172, Under10.5, -238, Over11.5, +200, Under11.5, -286, Over12.5, +270, Under12.5, -400
Betano, Games Over/Under, Hamburg, Bernabe Zapata Miralles - Andrey Rublev, Score After 2 Games (Set 1), 2-0, +640, 1-1, -175, 0-2, +167
Betano, Games Over/Under, Hamburg, Bernabe Zapata Miralles - Andrey Rublev, Andrey Rublev First Set Total Games, Over5.5, -667, Under5.5, +400
Betano, Games Over/Under, Hamburg, Bernabe Zapata Miralles - Andrey Rublev, Game Winning Margin, Bernabe Zapata Miralles to win by 1-2 Games, +1900, Bernabe Zapata Miralles to win by 3-4 Games, +1550, Bernabe Zapata Miralles to win by 5-6 Games, +2400, Bernabe Zapata Miralles to win by 7+ Games, +1250, Andrey Rublev to win by 1-2 Games, +975, Andrey Rublev to win by 3-4 Games, +300, Andrey Rublev to win by 5-6 Games, +215, Andrey Rublev to win by 7+ Games, +195, Tie, +3100
Betano, Games Over/Under, Hamburg, Bernabe Zapata Miralles - Andrey Rublev, Score After 4 games (Set 1), 4-0, +6400, 3-1, +620, 2-2, +120, 1-3, +147, 0-4, +700
Betano, Games Over/Under, Hamburg, Bernabe Zapata Miralles - Andrey Rublev, Score After 4 games (Set 2), 4-0, +6400, 3-1, +620, 2-2, +120, 1-3, +147, 0-4, +700
Betano, Games Over/Under, Hamburg, Bernabe Zapata Miralles - Andrey Rublev, Score After 6 Games (Set 1), 6-0, +19900, 5-1, +3900, 4-2, +630, 3-3, +180, 2-4, +160, 1-5, +390, 0-6, +2000
Betano, Games Over/Under, Hamburg, Bernabe Zapata Miralles - Andrey Rublev, Score After 6 Games (Set 2), 6-0, +19900, 5-1, +3900, 4-2, +630, 3-3, +180, 2-4, +160, 1-5, +390, 0-6, +2000
Betano, Games Over/Under, Hamburg, Laslo Djere - Guido Pella, Games, Over15.5, -2500, Under15.5, +725, Over16.5, -909, Under16.5, +460, Over17.5, -500, Under17.5, +300, Over18.5, -286, Under18.5, +195, Over19.5, -200, Under19.5, +142, Over20.5, -143, Under20.5, +105, Over21.5, -120, Under21.5, -115, Over22.5, +105, Under22.5, -143, Over23.5, +125, Under23.5, -175, Over24.5, +135, Under24.5, -189, Over25.5, +157, Under25.5, -222, Over26.5, +185, Under26.5, -270, Over27.5, +215, Under27.5, -323, Over28.5, +265, Under28.5, -417, Over29.5, +325, Under29.5, -526, Over30.5, +410, Under30.5, -769, Over31.5, +520, Under31.5, -1111, Over32.5, +660, Under32.5, -2000, Over33.5, +800, Under33.5, -3333, Over34.5, +900, Under34.5, -5000
Betano, Games Over/Under, Hamburg, Laslo Djere - Guido Pella, Set Total Games (Set 2), Over6.5, -5000, Under6.5, +900, Over7.5, -833, Under7.5, +440, Over8.5, -278, Under8.5, +190, Over9.5, -108, Under9.5, -128, Over10.5, +250, Under10.5, -385, Over12.5, +410, Under12.5, -769
Betano, Games Over/Under, Hamburg, Laslo Djere - Guido Pella, Laslo Djere First Set Total Games, Over5.5, -312, Under5.5, +220
Betano, Games Over/Under, Hamburg, Laslo Djere - Guido Pella, Set Total Games (Set 1), Over6.5, -5000, Under6.5, +900, Over7.5, -909, Under7.5, +450, Over8.5, -278, Under8.5, +190, Over9.5, -110, Under9.5, -125, Over10.5, +250, Under10.5, -385, Over12.5, +410, Under12.5, -769
Betano, Games Over/Under, Hamburg, Laslo Djere - Guido Pella, Winner and Total Games, Laslo Djere and Over14.5, -286, Laslo Djere and Under14.5, +2100, Guido Pella and Over14.5, +192, Guido Pella and Under14.5, +7400, Laslo Djere and Over15.5, -238, Laslo Djere and Under15.5, +1150, Guido Pella and Over15.5, +205, Guido Pella and Under15.5, +4900, Laslo Djere and Over16.5, -189, Laslo Djere and Under16.5, +590, Guido Pella and Over16.5, +215, Guido Pella and Under16.5, +3400, Laslo Djere and Over17.5, -143, Laslo Djere and Under17.5, +390, Guido Pella and Over17.5, +235, Guido Pella and Under17.5, +2000, Laslo Djere and Over18.5, -105, Laslo Djere and Under18.5, +250, Guido Pella and Over18.5, +260, Guido Pella and Under18.5, +1450, Laslo Djere and Over19.5, +118, Laslo Djere and Under19.5, +195, Guido Pella and Over19.5, +295, Guido Pella and Under19.5, +1000, Laslo Djere and Over20.5, +152, Laslo Djere and Under20.5, +150, Guido Pella and Over20.5, +320, Guido Pella and Under20.5, +825, Laslo Djere and Over21.5, +180, Laslo Djere and Under21.5, +130, Guido Pella and Over21.5, +350, Guido Pella and Under21.5, +700, Laslo Djere and Over22.5, +220, Laslo Djere and Under22.5, +107, Guido Pella and Over22.5, +400, Guido Pella and Under22.5, +590, Laslo Djere and Over23.5, +255, Laslo Djere and Under23.5, -105, Guido Pella and Over23.5, +440, Guido Pella and Under23.5, +520, Laslo Djere and Over24.5, +270, Laslo Djere and Under24.5, -110, Guido Pella and Over24.5, +450, Guido Pella and Under24.5, +500, Laslo Djere and Over25.5, +305, Laslo Djere and Under25.5, -120, Guido Pella and Over25.5, +500, Guido Pella and Under25.5, +450, Laslo Djere and Over26.5, +360, Laslo Djere and Under26.5, -133, Guido Pella and Over26.5, +550, Guido Pella and Under26.5, +410, Laslo Djere and Over27.5, +410, Laslo Djere and Under27.5, -143, Guido Pella and Over27.5, +630, Guido Pella and Under27.5, +370, Laslo Djere and Over28.5, +510, Laslo Djere and Under28.5, -167, Guido Pella and Over28.5, +700, Guido Pella and Under28.5, +340, Laslo Djere and Over29.5, +610, Laslo Djere and Under29.5, -182, Guido Pella and Over29.5, +875, Guido Pella and Under29.5, +300, Laslo Djere and Over30.5, +800, Laslo Djere and Under30.5, -213, Guido Pella and Over30.5, +1025, Guido Pella and Under30.5, +275, Laslo Djere and Over31.5, +1025, Laslo Djere and Under31.5, -227, Guido Pella and Over31.5, +1350, Guido Pella and Under31.5, +250, Laslo Djere and Over32.5, +1500, Laslo Djere and Under32.5, -256, Guido Pella and Over32.5, +1750, Guido Pella and Under32.5, +230, Laslo Djere and Over33.5, +1900, Laslo Djere and Under33.5, -270, Guido Pella and Over33.5, +2300, Guido Pella and Under33.5, +215
Betano, Games Over/Under, Hamburg, Laslo Djere - Guido Pella, Laslo Djere Games Won, Over8.5, -1111, Under8.5, +570, Over9.5, -909, Under9.5, +490, Over10.5, -714, Under10.5, +430, Over11.5, -625, Under11.5, +380, Over12.5, -115, Under12.5, -115, Over13.5, +180, Under13.5, -250, Over14.5, +235, Under14.5, -345, Over15.5, +330, Under15.5, -526, Over16.5, +510, Under16.5, -1000
Betano, Games Over/Under, Hamburg, Bernabe Zapata Miralles - Andrey Rublev, Score After 2 Games (Set 2), 2-0, +640, 1-1, -175, 0-2, +167
Betano, Games Over/Under, Hamburg, Laslo Djere - Guido Pella, Guido Pella Games Won, Over6.5, -333, Under6.5, +230, Over7.5, -238, Under7.5, +170, Over8.5, -167, Under8.5, +127, Over9.5, -133, Under9.5, +102, Over10.5, -114, Under10.5, -118, Over11.5, +102, Under11.5, -133, Over12.5, +157, Under12.5, -213, Over13.5, +245, Under13.5, -357, Over14.5, +335, Under14.5, -526
Betano, Games Over/Under, Hamburg, Laslo Djere - Guido Pella, Guido Pella First Set Total Games, Over4.5, +100, Under4.5, -133
Betano, Games Over/Under, Hamburg, Laslo Djere - Guido Pella, Game Winning Margin, Laslo Djere to win by 1-2 Games, +900, Laslo Djere to win by 3-4 Games, +355, Laslo Djere to win by 5-6 Games, +290, Laslo Djere to win by 7+ Games, +295, Guido Pella to win by 1-2 Games, +1200, Guido Pella to win by 3-4 Games, +775, Guido Pella to win by 5-6 Games, +950, Guido Pella to win by 7+ Games, +850, Tie, +2500
Betano, Games Over/Under, Hamburg, Laslo Djere - Guido Pella, Score After 2 Games (Set 2), 2-0, +200, 1-1, -161, 0-2, +400
Betano, Games Over/Under, Hamburg, Laslo Djere - Guido Pella, Score After 4 games (Set 1), 4-0, +875, 3-1, +185, 2-2, +125, 1-3, +385, 0-4, +2700
Betano, Games Over/Under, Hamburg, Laslo Djere - Guido Pella, Score After 6 Games (Set 2), 6-0, +2700, 5-1, +520, 4-2, +200, 3-3, +175, 2-4, +400, 1-5, +1650, 0-6, +9900
Betano, Games Over/Under, Hamburg, Laslo Djere - Guido Pella, Score After 4 games (Set 2), 4-0, +875, 3-1, +185, 2-2, +125, 1-3, +385, 0-4, +2700
Betano, Games Over/Under, Hamburg, Laslo Djere - Guido Pella, Score After 6 Games (Set 1), 6-0, +2700, 5-1, +520, 4-2, +200, 3-3, +175, 2-4, +400, 1-5, +1650, 0-6, +9900
Betano, Games Over/Under, Hamburg, Casper Ruud - Sebastian Baez, Games, Over14.5, -5000, Under14.5, +900, Over15.5, -1429, Under15.5, +570, Over16.5, -714, Under16.5, +390, Over17.5, -345, Under17.5, +225, Over18.5, -238, Under18.5, +167, Over19.5, -161, Under19.5, +115, Over20.5, -125, Under20.5, -110, Over21.5, +100, Under21.5, -139, Over22.5, +125, Under22.5, -175, Over23.5, +142, Under23.5, -200, Over24.5, +155, Under24.5, -222, Over25.5, +177, Under25.5, -256, Over26.5, +205, Under26.5, -303, Over27.5, +245, Under27.5, -370, Over28.5, +290, Under28.5, -455, Over29.5, +355, Under29.5, -625, Over30.5, +430, Under30.5, -833, Over31.5, +550, Under31.5, -1250, Over32.5, +690, Under32.5, -2000, Over33.5, +825, Under33.5, -3333
Betano, Games Over/Under, Hamburg, Casper Ruud - Sebastian Baez, Winner and Total Games, Casper Ruud and Over14.5, -400, Casper Ruud and Under14.5, +1600, Sebastian Baez and Over14.5, +265, Sebastian Baez and Under14.5, +7900, Casper Ruud and Over15.5, -286, Casper Ruud and Under15.5, +725, Sebastian Baez and Over15.5, +280, Sebastian Baez and Under15.5, +6900, Casper Ruud and Over16.5, -222, Casper Ruud and Under16.5, +450, Sebastian Baez and Over16.5, +300, Sebastian Baez and Under16.5, +4400, Casper Ruud and Over17.5, -143, Casper Ruud and Under17.5, +250, Sebastian Baez and Over17.5, +315, Sebastian Baez and Under17.5, +3400, Casper Ruud and Over18.5, -111, Casper Ruud and Under18.5, +192, Sebastian Baez and Over18.5, +345, Sebastian Baez and Under18.5, +2100, Casper Ruud and Over19.5, +127, Casper Ruud and Under19.5, +132, Sebastian Baez and Over19.5, +370, Sebastian Baez and Under19.5, +1650, Casper Ruud and Over20.5, +150, Casper Ruud and Under20.5, +112, Sebastian Baez and Over20.5, +420, Sebastian Baez and Under20.5, +1150, Casper Ruud and Over21.5, +185, Casper Ruud and Under21.5, -108, Sebastian Baez and Over21.5, +440, Sebastian Baez and Under21.5, +1050, Casper Ruud and Over22.5, +225, Casper Ruud and Under22.5, -125, Sebastian Baez and Over22.5, +500, Sebastian Baez and Under22.5, +825, Casper Ruud and Over23.5, +255, Casper Ruud and Under23.5, -143, Sebastian Baez and Over23.5, +540, Sebastian Baez and Under23.5, +725, Casper Ruud and Over24.5, +270, Casper Ruud and Under24.5, -143, Sebastian Baez and Over24.5, +570, Sebastian Baez and Under24.5, +700, Casper Ruud and Over25.5, +315, Casper Ruud and Under25.5, -167, Sebastian Baez and Over25.5, +600, Sebastian Baez and Under25.5, +640, Casper Ruud and Over26.5, +355, Casper Ruud and Under26.5, -182, Sebastian Baez and Over26.5, +690, Sebastian Baez and Under26.5, +570, Casper Ruud and Over27.5, +430, Casper Ruud and Under27.5, -200, Sebastian Baez and Over27.5, +725, Sebastian Baez and Under27.5, +530, Casper Ruud and Over28.5, +490, Casper Ruud and Under28.5, -222, Sebastian Baez and Over28.5, +875, Sebastian Baez and Under28.5, +470, Casper Ruud and Over29.5, +640, Casper Ruud and Under29.5, -263, Sebastian Baez and Over29.5, +975, Sebastian Baez and Under29.5, +430, Casper Ruud and Over30.5, +775, Casper Ruud and Under30.5, -286, Sebastian Baez and Over30.5, +1200, Sebastian Baez and Under30.5, +380, Casper Ruud and Over31.5, +1075, Casper Ruud and Under31.5, -333, Sebastian Baez and Over31.5, +1450, Sebastian Baez and Under31.5, +350, Casper Ruud and Over32.5, +1400, Casper Ruud and Under32.5, -370, Sebastian Baez and Over32.5, +2000, Sebastian Baez and Under32.5, +315, Casper Ruud and Over33.5, +1900, Casper Ruud and Under33.5, -400, Sebastian Baez and Over33.5, +2500, Sebastian Baez and Under33.5, +300
Betano, Games Over/Under, Hamburg, Casper Ruud - Sebastian Baez, Set Total Games (Set 1), Over6.5, -4000, Under6.5, +875, Over7.5, -625, Under7.5, +360, Over8.5, -256, Under8.5, +175, Over9.5, +112, Under9.5, -154, Over10.5, +265, Under10.5, -417, Over12.5, +430, Under12.5, -833
Betano, Games Over/Under, Hamburg, Casper Ruud - Sebastian Baez, Sebastian Baez First Set Total Games, Over3.5, -125, Under3.5, -108
Betano, Games Over/Under, Hamburg, Casper Ruud - Sebastian Baez, Set Total Games (Set 2), Over6.5, -4000, Under6.5, +875, Over7.5, -769, Under7.5, +410, Over8.5, -256, Under8.5, +175, Over9.5, +100, Under9.5, -139, Over10.5, +265, Under10.5, -417, Over12.5, +430, Under12.5, -833
Betano, Games Over/Under, Hamburg, Casper Ruud - Sebastian Baez, Casper Ruud Games Won, Over9.5, -1429, Under9.5, +640, Over10.5, -1111, Under10.5, +570, Over11.5, -1000, Under11.5, +520, Over12.5, -111, Under12.5, -118, Over13.5, +187, Under13.5, -256, Over14.5, +245, Under14.5, -357, Over15.5, +320, Under15.5, -500, Over16.5, +500, Under16.5, -909, Over17.5, +725, Under17.5, -2000
Betano, Games Over/Under, Hamburg, Laslo Djere - Guido Pella, Score After 2 Games (Set 1), 2-0, +200, 1-1, -161, 0-2, +400
Betano, Games Over/Under, Hamburg, Casper Ruud - Sebastian Baez, Sebastian Baez Games Won, Over5.5, -357, Under5.5, +245, Over6.5, -238, Under6.5, +177, Over7.5, -161, Under7.5, +120, Over8.5, -122, Under8.5, -108, Over9.5, +100, Under9.5, -133, Over10.5, +120, Under10.5, -161, Over11.5, +140, Under11.5, -189, Over12.5, +200, Under12.5, -278, Over13.5, +300, Under13.5, -455
Betano, Games Over/Under, Hamburg, Casper Ruud - Sebastian Baez, Game Winning Margin, Casper Ruud to win by 1-2 Games, +1025, Casper Ruud to win by 3-4 Games, +410, Casper Ruud to win by 5-6 Games, +250, Casper Ruud to win by 7+ Games, +195, Sebastian Baez to win by 1-2 Games, +1300, Sebastian Baez to win by 3-4 Games, +925, Sebastian Baez to win by 5-6 Games, +1550, Sebastian Baez to win by 7+ Games, +1025, Tie, +2700
Betano, Games Over/Under, Hamburg, Casper Ruud - Sebastian Baez, Score After 4 games (Set 2), 4-0, +775, 3-1, +167, 2-2, +125, 1-3, +460, 0-4, +3600
Betano, Games Over/Under, Hamburg, Casper Ruud - Sebastian Baez, Casper Ruud First Set Total Games, Over5.5, -417, Under5.5, +280
Betano, Games Over/Under, Hamburg, Casper Ruud - Sebastian Baez, Score After 4 games (Set 1), 4-0, +775, 3-1, +167, 2-2, +125, 1-3, +460, 0-4, +3600
Betano, Games Over/Under, Hamburg, Casper Ruud - Sebastian Baez, Score After 2 Games (Set 1), 2-0, +180, 1-1, -161, 0-2, +470
Betano, Games Over/Under, Hamburg, Casper Ruud - Sebastian Baez, Score After 6 Games (Set 2), 6-0, +2200, 5-1, +440, 4-2, +182, 3-3, +180, 2-4, +480, 1-5, +2200, 0-6, +11900
Betano, Games Over/Under, Hamburg, Luca Van Assche - Alejandro Davidovich Fokina, Games, Over15.5, -3333, Under15.5, +800, Over16.5, -1250, Under16.5, +550, Over17.5, -588, Under17.5, +345, Over18.5, -345, Under18.5, +230, Over19.5, -227, Under19.5, +162, Over20.5, -167, Under20.5, +120, Over21.5, -133, Under21.5, -102, Over22.5, -102, Under22.5, -133, Over23.5, +118, Under23.5, -167, Over24.5, +125, Under24.5, -175, Over25.5, +142, Under25.5, -200, Over26.5, +170, Under26.5, -250, Over27.5, +200, Under27.5, -294, Over28.5, +235, Under28.5, -357, Over29.5, +290, Under29.5, -476, Over30.5, +360, Under30.5, -625, Over31.5, +460, Under31.5, -909, Over32.5, +600, Under32.5, -1429, Over33.5, +725, Under33.5, -2500, Over34.5, +850, Under34.5, -4000
Betano, Games Over/Under, Hamburg, Luca Van Assche - Alejandro Davidovich Fokina, Set Total Games (Set 1), Over6.5, -6667, Under6.5, +975, Over7.5, -1000, Under7.5, +500, Over8.5, -333, Under8.5, +225, Over9.5, -120, Under9.5, -115, Over10.5, +230, Under10.5, -345, Over12.5, +365, Under12.5, -625
Betano, Games Over/Under, Hamburg, Luca Van Assche - Alejandro Davidovich Fokina, Winner and Total Games, Luca Van Assche and Over15.5, +187, Luca Van Assche and Under15.5, +5400, Alejandro Davidovich Fokina and Over15.5, -238, Alejandro Davidovich Fokina and Under15.5, +1350, Luca Van Assche and Over16.5, +195, Luca Van Assche and Under16.5, +3600, Alejandro Davidovich Fokina and Over16.5, -192, Alejandro Davidovich Fokina and Under16.5, +750, Luca Van Assche and Over17.5, +215, Luca Van Assche and Under17.5, +2200, Alejandro Davidovich Fokina and Over17.5, -143, Alejandro Davidovich Fokina and Under17.5, +450, Luca Van Assche and Over18.5, +235, Luca Van Assche and Under18.5, +1500, Alejandro Davidovich Fokina and Over18.5, -111, Alejandro Davidovich Fokina and Under18.5, +300, Luca Van Assche and Over19.5, +265, Luca Van Assche and Under19.5, +1050, Alejandro Davidovich Fokina and Over19.5, +115, Alejandro Davidovich Fokina and Under19.5, +220, Luca Van Assche and Over20.5, +295, Luca Van Assche and Under20.5, +825, Alejandro Davidovich Fokina and Over20.5, +145, Alejandro Davidovich Fokina and Under20.5, +172, Luca Van Assche and Over21.5, +320, Luca Van Assche and Under21.5, +700, Alejandro Davidovich Fokina and Over21.5, +170, Alejandro Davidovich Fokina and Under21.5, +145, Luca Van Assche and Over22.5, +370, Luca Van Assche and Under22.5, +570, Alejandro Davidovich Fokina and Over22.5, +210, Alejandro Davidovich Fokina and Under22.5, +120, Luca Van Assche and Over23.5, +410, Luca Van Assche and Under23.5, +500, Alejandro Davidovich Fokina and Over23.5, +245, Alejandro Davidovich Fokina and Under23.5, +105, Luca Van Assche and Over24.5, +420, Luca Van Assche and Under24.5, +480, Alejandro Davidovich Fokina and Over24.5, +260, Alejandro Davidovich Fokina and Under24.5, +102, Luca Van Assche and Over25.5, +460, Luca Van Assche and Under25.5, +440, Alejandro Davidovich Fokina and Over25.5, +290, Alejandro Davidovich Fokina and Under25.5, -108, Luca Van Assche and Over26.5, +520, Luca Van Assche and Under26.5, +390, Alejandro Davidovich Fokina and Over26.5, +340, Alejandro Davidovich Fokina and Under26.5, -120, Luca Van Assche and Over27.5, +570, Luca Van Assche and Under27.5, +360, Alejandro Davidovich Fokina and Over27.5, +390, Alejandro Davidovich Fokina and Under27.5, -133, Luca Van Assche and Over28.5, +660, Luca Van Assche and Under28.5, +325, Alejandro Davidovich Fokina and Over28.5, +460, Alejandro Davidovich Fokina and Under28.5, -143, Luca Van Assche and Over29.5, +775, Luca Van Assche and Under29.5, +295, Alejandro Davidovich Fokina and Over29.5, +560, Alejandro Davidovich Fokina and Under29.5, -161, Luca Van Assche and Over30.5, +925, Luca Van Assche and Under30.5, +270, Alejandro Davidovich Fokina and Over30.5, +700, Alejandro Davidovich Fokina and Under30.5, -182, Luca Van Assche and Over31.5, +1200, Luca Van Assche and Under31.5, +240, Alejandro Davidovich Fokina and Over31.5, +925, Alejandro Davidovich Fokina and Under31.5, -200, Luca Van Assche and Over32.5, +1600, Luca Van Assche and Under32.5, +220, Alejandro Davidovich Fokina and Over32.5, +1300, Alejandro Davidovich Fokina and Under32.5, -227, Luca Van Assche and Over33.5, +2000, Luca Van Assche and Under33.5, +205, Alejandro Davidovich Fokina and Over33.5, +1700, Alejandro Davidovich Fokina and Under33.5, -250, Luca Van Assche and Over34.5, +2600, Luca Van Assche and Under34.5, +195, Alejandro Davidovich Fokina and Over34.5, +2200, Alejandro Davidovich Fokina and Under34.5, -263
Betano, Games Over/Under, Hamburg, Casper Ruud - Sebastian Baez, Score After 6 Games (Set 1), 6-0, +2200, 5-1, +440, 4-2, +182, 3-3, +180, 2-4, +480, 1-5, +2200, 0-6, +11900
Betano, Games Over/Under, Hamburg, Luca Van Assche - Alejandro Davidovich Fokina, Set Total Games (Set 2), Over6.5, -6667, Under6.5, +975, Over7.5, -1111, Under7.5, +510, Over8.5, -333, Under8.5, +225, Over9.5, -122, Under9.5, -114, Over10.5, +230, Under10.5, -345, Over12.5, +365, Under12.5, -625
Betano, Games Over/Under, Hamburg, Luca Van Assche - Alejandro Davidovich Fokina, Luca Van Assche Games Won, Over6.5, -400, Under6.5, +270, Over7.5, -263, Under7.5, +192, Over8.5, -192, Under8.5, +142, Over9.5, -154, Under9.5, +115, Over10.5, -125, Under10.5, -105, Over11.5, -110, Under11.5, -122, Over12.5, +142, Under12.5, -192, Over13.5, +225, Under13.5, -323, Over14.5, +305, Under14.5, -476
Betano, Games Over/Under, Hamburg, Luca Van Assche - Alejandro Davidovich Fokina, Alejandro Davidovich Fokina First Set Total Games, Over5.5, -312, Under5.5, +220
Betano, Games Over/Under, Hamburg, Luca Van Assche - Alejandro Davidovich Fokina, Alejandro Davidovich Fokina Games Won, Over8.5, -1111, Under8.5, +570, Over9.5, -909, Under9.5, +480, Over10.5, -714, Under10.5, +410, Over11.5, -588, Under11.5, +370, Over12.5, -125, Under12.5, -105, Over13.5, +167, Under13.5, -227, Over14.5, +220, Under14.5, -312, Over15.5, +305, Under15.5, -455, Over16.5, +470, Under16.5, -833
Betano, Games Over/Under, Hamburg, Luca Van Assche - Alejandro Davidovich Fokina, Game Winning Margin, Luca Van Assche to win by 1-2 Games, +1075, Luca Van Assche to win by 3-4 Games, +680, Luca Van Assche to win by 5-6 Games, +950, Luca Van Assche to win by 7+ Games, +900, Alejandro Davidovich Fokina to win by 1-2 Games, +850, Alejandro Davidovich Fokina to win by 3-4 Games, +340, Alejandro Davidovich Fokina to win by 5-6 Games, +290, Alejandro Davidovich Fokina to win by 7+ Games, +335, Tie, +2300
Betano, Games Over/Under, Hamburg, Luca Van Assche - Alejandro Davidovich Fokina, Score After 2 Games (Set 1), 2-0, +440, 1-1, -189, 0-2, +225
Betano, Games Over/Under, Hamburg, Luca Van Assche - Alejandro Davidovich Fokina, Score After 2 Games (Set 2), 2-0, +440, 1-1, -189, 0-2, +225
Betano, Games Over/Under, Hamburg, Luca Van Assche - Alejandro Davidovich Fokina, Luca Van Assche First Set Total Games, Over4.5, -111, Under4.5, -120
Betano, Games Over/Under, Hamburg, Luca Van Assche - Alejandro Davidovich Fokina, Score After 4 games (Set 1), 4-0, +3100, 3-1, +390, 2-2, +107, 1-3, +195, 0-4, +1100
Betano, Games Over/Under, Hamburg, Luca Van Assche - Alejandro Davidovich Fokina, Score After 6 Games (Set 2), 6-0, +10900, 5-1, +1800, 4-2, +390, 3-3, +155, 2-4, +200, 1-5, +610, 0-6, +3600
Betano, Games Over/Under, Hamburg, Luca Van Assche - Alejandro Davidovich Fokina, Score After 6 Games (Set 1), 6-0, +10900, 5-1, +1800, 4-2, +390, 3-3, +155, 2-4, +200, 1-5, +610, 0-6, +3600
Betano, Games Over/Under, Hamburg, Luca Van Assche - Alejandro Davidovich Fokina, Score After 4 games (Set 2), 4-0, +3100, 3-1, +390, 2-2, +107, 1-3, +195, 0-4, +1100
Betano, Games Over/Under, Hamburg, Casper Ruud - Sebastian Baez, Score After 2 Games (Set 2), 2-0, +180, 1-1, -161, 0-2, +470
Betano, Games Over/Under, Atlanta, Christopher Eubanks - Andres Martin, Winner and Total Games, Christopher Eubanks and Over15.5, -1250, Christopher Eubanks and Under15.5, +925, Andres Martin and Over15.5, +825, Andres Martin and Under15.5, +9900, Christopher Eubanks and Over16.5, -714, Christopher Eubanks and Under16.5, +540, Andres Martin and Over16.5, +900, Andres Martin and Under16.5, +9900, Christopher Eubanks and Over17.5, -345, Christopher Eubanks and Under17.5, +280, Andres Martin and Over17.5, +1000, Andres Martin and Under17.5, +8900, Christopher Eubanks and Over18.5, -213, Christopher Eubanks and Under18.5, +180, Andres Martin and Over18.5, +1025, Andres Martin and Under18.5, +7900, Christopher Eubanks and Over19.5, -128, Christopher Eubanks and Under19.5, +110, Andres Martin and Over19.5, +1075, Andres Martin and Under19.5, +6900, Christopher Eubanks and Over20.5, +107, Christopher Eubanks and Under20.5, -125, Andres Martin and Over20.5, +1150, Andres Martin and Under20.5, +5400, Christopher Eubanks and Over21.5, +140, Christopher Eubanks and Under21.5, -167, Andres Martin and Over21.5, +1150, Andres Martin and Under21.5, +4900, Christopher Eubanks and Over22.5, +200, Christopher Eubanks and Under22.5, -238, Andres Martin and Over22.5, +1200, Andres Martin and Under22.5, +3600, Christopher Eubanks and Over23.5, +275, Christopher Eubanks and Under23.5, -333, Andres Martin and Over23.5, +1300, Andres Martin and Under23.5, +2700, Christopher Eubanks and Over24.5, +285, Christopher Eubanks and Under24.5, -345, Andres Martin and Over24.5, +1300, Andres Martin and Under24.5, +2700, Christopher Eubanks and Over25.5, +320, Christopher Eubanks and Under25.5, -385, Andres Martin and Over25.5, +1350, Andres Martin and Under25.5, +2500, Christopher Eubanks and Over26.5, +385, Christopher Eubanks and Under26.5, -476, Andres Martin and Over26.5, +1500, Andres Martin and Under26.5, +2000, Christopher Eubanks and Over27.5, +410, Christopher Eubanks and Under27.5, -500, Andres Martin and Over27.5, +1500, Andres Martin and Under27.5, +1900, Christopher Eubanks and Over28.5, +440, Christopher Eubanks and Under28.5, -526, Andres Martin and Over28.5, +1550, Andres Martin and Under28.5, +1800, Christopher Eubanks and Over29.5, +500, Christopher Eubanks and Under29.5, -625, Andres Martin and Over29.5, +1600, Andres Martin and Under29.5, +1700, Christopher Eubanks and Over30.5, +560, Christopher Eubanks and Under30.5, -667, Andres Martin and Over30.5, +1700, Andres Martin and Under30.5, +1550, Christopher Eubanks and Over31.5, +680, Christopher Eubanks and Under31.5, -833, Andres Martin and Over31.5, +1850, Andres Martin and Under31.5, +1350, Christopher Eubanks and Over32.5, +850, Christopher Eubanks and Under32.5, -1000, Andres Martin and Over32.5, +2100, Andres Martin and Under32.5, +1200, Christopher Eubanks and Over33.5, +1025, Christopher Eubanks and Under33.5, -1250, Andres Martin and Over33.5, +2300, Andres Martin and Under33.5, +1075, Christopher Eubanks and Over34.5, +1200, Christopher Eubanks and Under34.5, -1429, Andres Martin and Over34.5, +2500, Andres Martin and Under34.5, +1000
Betano, Games Over/Under, Atlanta, Christopher Eubanks - Andres Martin, Games, Over15.5, -2500, Under15.5, +775, Over16.5, -1111, Under16.5, +520, Over17.5, -455, Under17.5, +280, Over18.5, -270, Under18.5, +185, Over19.5, -154, Under19.5, +112, Over20.5, -111, Under20.5, -125, Over21.5, +118, Under21.5, -161, Over22.5, +167, Under22.5, -238, Over23.5, +230, Under23.5, -345, Over24.5, +235, Under24.5, -357, Over25.5, +260, Under25.5, -400, Over26.5, +315, Under26.5, -526, Over27.5, +330, Under27.5, -556, Over28.5, +355, Under28.5, -625, Over29.5, +390, Under29.5, -714, Over30.5, +440, Under30.5, -833, Over31.5, +520, Under31.5, -1111, Over32.5, +620, Under32.5, -1667, Over33.5, +700, Under33.5, -2000, Over34.5, +800, Under34.5, -3333
Betano, Games Over/Under, Atlanta, Christopher Eubanks - Andres Martin, Set Total Games (Set 1), Over7.5, -1111, Under7.5, +520, Over8.5, -400, Under8.5, +255, Over9.5, -118, Under9.5, -118, Over10.5, +205, Under10.5, -303, Over12.5, +280, Under12.5, -455
Betano, Games Over/Under, Atlanta, Christopher Eubanks - Andres Martin, Set Total Games (Set 2), Over7.5, -1667, Under7.5, +610, Over8.5, -400, Under8.5, +255, Over9.5, -154, Under9.5, +110, Over10.5, +205, Under10.5, -303, Over12.5, +280, Under12.5, -455
Betano, Games Over/Under, Atlanta, Christopher Eubanks - Andres Martin, Andres Martin First Set Total Games, Over3.5, -125, Under3.5, -108, Over4.5, +167, Under4.5, -227, Over5.5, +215, Under5.5, -303
Betano, Games Over/Under, Atlanta, Christopher Eubanks - Andres Martin, Christopher Eubanks First Set Total Games, Over4.5, -2500, Under4.5, +800, Over5.5, -2000, Under5.5, +725, Over6.5, +285, Under6.5, -435
Betano, Games Over/Under, Atlanta, Christopher Eubanks - Andres Martin, Andres Martin Games Won, Over5.5, -435, Under5.5, +290, Over6.5, -250, Under6.5, +180, Over7.5, -133, Under7.5, +102, Over8.5, +115, Under8.5, -154, Over9.5, +167, Under9.5, -227, Over10.5, +230, Under10.5, -333, Over11.5, +270, Under11.5, -400, Over12.5, +345, Under12.5, -556, Over13.5, +430, Under13.5, -769
Betano, Games Over/Under, Atlanta, Christopher Eubanks - Andres Martin, Christopher Eubanks Games Won, Over10.5, -10000, Under10.5, +1150, Over11.5, -10000, Under11.5, +1150, Over12.5, -122, Under12.5, -108, Over13.5, +250, Under13.5, -357, Over14.5, +325, Under14.5, -500, Over15.5, +370, Under15.5, -588, Over16.5, +470, Under16.5, -833, Over17.5, +570, Under17.5, -1111, Over18.5, +900, Under18.5, -3333
Betano, Games Over/Under, Atlanta, Christopher Eubanks - Andres Martin, Game Winning Margin, Christopher Eubanks to win by 1-2 Games, +875, Christopher Eubanks to win by 3-4 Games, +200, Christopher Eubanks to win by 5-6 Games, +167, Christopher Eubanks to win by 7+ Games, +250, Andres Martin to win by 1-2 Games, +2800, Andres Martin to win by 3-4 Games, +3100, Andres Martin to win by 5-6 Games, +11900, Andres Martin to win by 7+ Games, +3900, Tie, +4400
Betano, Games Over/Under, Atlanta, Christopher Eubanks - Andres Martin, Score After 4 games (Set 2), 4-0, +1100, 3-1, +157, 2-2, -143, 1-3, +1500, 0-4, +39900
Betano, Games Over/Under, Atlanta, Christopher Eubanks - Andres Martin, Score After 2 Games (Set 1), 2-0, +215, 1-1, -333, 0-2, +1550
Betano, Games Over/Under, Atlanta, Christopher Eubanks - Andres Martin, Score After 6 Games (Set 2), 6-0, +3900, 5-1, +540, 4-2, +140, 3-3, +115, 2-4, +1350, 1-5, +19900, 0-6, +29900
Betano, Games Over/Under, Atlanta, Christopher Eubanks - Andres Martin, Score After 6 Games (Set 1), 6-0, +3900, 5-1, +540, 4-2, +140, 3-3, +115, 2-4, +1350, 1-5, +19900, 0-6, +29900
Betano, Games Over/Under, Atlanta, Juncheng Shang - Ben Shelton, Games, Over16.5, -5000, Under16.5, +925, Over17.5, -1667, Under17.5, +620, Over18.5, -833, Under18.5, +440, Over19.5, -435, Under19.5, +275, Over20.5, -294, Under20.5, +200, Over21.5, -227, Under21.5, +160, Over22.5, -154, Under22.5, +110, Over23.5, -110, Under23.5, -125, Over24.5, -108, Under24.5, -128, Over25.5, +105, Under25.5, -143, Over26.5, +132, Under26.5, -182, Over27.5, +142, Under27.5, -200, Over28.5, +162, Under28.5, -227, Over29.5, +187, Under29.5, -278, Over30.5, +220, Under30.5, -333, Over31.5, +280, Under31.5, -455, Over32.5, +370, Under32.5, -667, Over33.5, +460, Under33.5, -909, Over34.5, +550, Under34.5, -1250, Over35.5, +750, Under35.5, -2500
Betano, Games Over/Under, Atlanta, Christopher Eubanks - Andres Martin, Score After 4 games (Set 1), 4-0, +1100, 3-1, +157, 2-2, -143, 1-3, +1500, 0-4, +39900
Betano, Games Over/Under, Atlanta, Juncheng Shang - Ben Shelton, Winner and Total Games, Juncheng Shang and Over16.5, +145, Juncheng Shang and Under16.5, +5400, Ben Shelton and Over16.5, -200, Ben Shelton and Under16.5, +2100, Juncheng Shang and Over17.5, +152, Juncheng Shang and Under17.5, +3600, Ben Shelton and Over17.5, -161, Ben Shelton and Under17.5, +950, Juncheng Shang and Over18.5, +165, Juncheng Shang and Under18.5, +2000, Ben Shelton and Over18.5, -143, Ben Shelton and Under18.5, +660, Juncheng Shang and Over19.5, +182, Juncheng Shang and Under19.5, +1400, Ben Shelton and Over19.5, -105, Ben Shelton and Under19.5, +385, Juncheng Shang and Over20.5, +210, Juncheng Shang and Under20.5, +875, Ben Shelton and Over20.5, +112, Ben Shelton and Under20.5, +305, Juncheng Shang and Over21.5, +225, Juncheng Shang and Under21.5, +750, Ben Shelton and Over21.5, +132, Ben Shelton and Under21.5, +245, Juncheng Shang and Over22.5, +270, Juncheng Shang and Under22.5, +550, Ben Shelton and Over22.5, +172, Ben Shelton and Under22.5, +187, Juncheng Shang and Over23.5, +320, Juncheng Shang and Under23.5, +430, Ben Shelton and Over23.5, +215, Ben Shelton and Under23.5, +150, Juncheng Shang and Over24.5, +325, Juncheng Shang and Under24.5, +430, Ben Shelton and Over24.5, +220, Ben Shelton and Under24.5, +147, Juncheng Shang and Over25.5, +350, Juncheng Shang and Under25.5, +390, Ben Shelton and Over25.5, +245, Ben Shelton and Under25.5, +135, Juncheng Shang and Over26.5, +410, Juncheng Shang and Under26.5, +340, Ben Shelton and Over26.5, +285, Ben Shelton and Under26.5, +120, Juncheng Shang and Over27.5, +420, Juncheng Shang and Under27.5, +325, Ben Shelton and Over27.5, +315, Ben Shelton and Under27.5, +112, Juncheng Shang and Over28.5, +470, Juncheng Shang and Under28.5, +300, Ben Shelton and Over28.5, +340, Ben Shelton and Under28.5, +105, Juncheng Shang and Over29.5, +510, Juncheng Shang and Under29.5, +280, Ben Shelton and Over29.5, +400, Ben Shelton and Under29.5, -105, Juncheng Shang and Over30.5, +590, Juncheng Shang and Under30.5, +255, Ben Shelton and Over30.5, +450, Ben Shelton and Under30.5, -114, Juncheng Shang and Over31.5, +700, Juncheng Shang and Under31.5, +230, Ben Shelton and Over31.5, +580, Ben Shelton and Under31.5, -128, Juncheng Shang and Over32.5, +950, Juncheng Shang and Under32.5, +200, Ben Shelton and Over32.5, +750, Ben Shelton and Under32.5, -143, Juncheng Shang and Over33.5, +1150, Juncheng Shang and Under33.5, +187, Ben Shelton and Over33.5, +975, Ben Shelton and Under33.5, -161, Juncheng Shang and Over34.5, +1400, Juncheng Shang and Under34.5, +175, Ben Shelton and Over34.5, +1150, Ben Shelton and Under34.5, -167, Juncheng Shang and Over35.5, +2000, Juncheng Shang and Under35.5, +160, Ben Shelton and Over35.5, +1900, Ben Shelton and Under35.5, -192
Betano, Games Over/Under, Atlanta, Juncheng Shang - Ben Shelton, Set Total Games (Set 1), Over7.5, -2500, Under7.5, +750, Over8.5, -769, Under8.5, +420, Over9.5, -189, Under9.5, +135, Over10.5, +142, Under10.5, -200, Over12.5, +210, Under12.5, -312
Betano, Games Over/Under, Atlanta, Juncheng Shang - Ben Shelton, Juncheng Shang First Set Total Games, Over3.5, -294, Under3.5, +205, Over4.5, -167, Under4.5, +125, Over5.5, -133, Under5.5, +102
Betano, Games Over/Under, Atlanta, Juncheng Shang - Ben Shelton, Set Total Games (Set 2), Over7.5, -3333, Under7.5, +800, Over8.5, -769, Under8.5, +420, Over9.5, -213, Under9.5, +150, Over10.5, +142, Under10.5, -200, Over12.5, +210, Under12.5, -312
Betano, Games Over/Under, Atlanta, Juncheng Shang - Ben Shelton, Juncheng Shang Games Won, Over7.5, -526, Under7.5, +330, Over8.5, -345, Under8.5, +240, Over9.5, -250, Under9.5, +182, Over10.5, -192, Under10.5, +142, Over11.5, -167, Under11.5, +125, Over12.5, -108, Under12.5, -125, Over13.5, +155, Under13.5, -213, Over14.5, +210, Under14.5, -294, Over15.5, +285, Under15.5, -417
Betano, Games Over/Under, Atlanta, Juncheng Shang - Ben Shelton, Ben Shelton Games Won, Over9.5, -833, Under9.5, +470, Over10.5, -625, Under10.5, +380, Over11.5, -556, Under11.5, +345, Over12.5, -175, Under12.5, +132, Over13.5, +125, Under13.5, -167, Over14.5, +170, Under14.5, -238, Over15.5, +220, Under15.5, -312, Over16.5, +330, Under16.5, -500, Over17.5, +480, Under17.5, -833
Betano, Games Over/Under, Atlanta, Christopher Eubanks - Andres Martin, Score After 2 Games (Set 2), 2-0, +215, 1-1, -333, 0-2, +1550
Betano, Games Over/Under, Atlanta, Juncheng Shang - Ben Shelton, Game Winning Margin, Juncheng Shang to win by 1-2 Games, +725, Juncheng Shang to win by 3-4 Games, +460, Juncheng Shang to win by 5-6 Games, +1150, Juncheng Shang to win by 7+ Games, +1075, Ben Shelton to win by 1-2 Games, +620, Ben Shelton to win by 3-4 Games, +270, Ben Shelton to win by 5-6 Games, +355, Ben Shelton to win by 7+ Games, +610, Tie, +1800
Betano, Games Over/Under, Atlanta, Juncheng Shang - Ben Shelton, Score After 2 Games (Set 1), 2-0, +570, 1-1, -370, 0-2, +360
Betano, Games Over/Under, Atlanta, Juncheng Shang - Ben Shelton, Score After 4 games (Set 1), 4-0, +5900, 3-1, +460, 2-2, -175, 1-3, +275, 0-4, +2500
Betano, Games Over/Under, Atlanta, Juncheng Shang - Ben Shelton, Score After 4 games (Set 2), 4-0, +5900, 3-1, +460, 2-2, -175, 1-3, +275, 0-4, +2500
Betano, Games Over/Under, Atlanta, Juncheng Shang - Ben Shelton, Ben Shelton First Set Total Games, Over4.5, -385, Under4.5, +260, Over5.5, -312, Under5.5, +220, Over6.5, +300, Under6.5, -455
Betano, Games Over/Under, Atlanta, Juncheng Shang - Ben Shelton, Score After 6 Games (Set 1), 6-0, +17400, 5-1, +2800, 4-2, +400, 3-3, -111, 2-4, +235, 1-5, +1250, 0-6, +9900
Betano, Games Over/Under, Atlanta, Juncheng Shang - Ben Shelton, Score After 2 Games (Set 2), 2-0, +570, 1-1, -370, 0-2, +360
Betano, Games Over/Under, Atlanta, Aleksandar Vukic - Yoshihito Nishioka, Games, Over16.5, -3333, Under16.5, +800, Over17.5, -1250, Under17.5, +530, Over18.5, -625, Under18.5, +355, Over19.5, -357, Under19.5, +235, Over20.5, -238, Under20.5, +167, Over21.5, -189, Under21.5, +135, Over22.5, -133, Under22.5, -102, Over23.5, -105, Under23.5, -133, Over24.5, +100, Under24.5, -139, Over25.5, +115, Under25.5, -161, Over26.5, +137, Under26.5, -192, Over27.5, +155, Under27.5, -222, Over28.5, +185, Under28.5, -270, Over29.5, +220, Under29.5, -333, Over30.5, +270, Under30.5, -435, Over31.5, +355, Under31.5, -625, Over32.5, +480, Under32.5, -1000, Over33.5, +590, Under33.5, -1429, Over34.5, +700, Under34.5, -2000, Over35.5, +900, Under35.5, -5000
Betano, Games Over/Under, Atlanta, Aleksandar Vukic - Yoshihito Nishioka, Winner and Total Games, Aleksandar Vukic and Over16.5, +102, Aleksandar Vukic and Under16.5, +2600, Yoshihito Nishioka and Over16.5, -128, Yoshihito Nishioka and Under16.5, +2000, Aleksandar Vukic and Over17.5, +115, Aleksandar Vukic and Under17.5, +1350, Yoshihito Nishioka and Over17.5, -111, Yoshihito Nishioka and Under17.5, +1200, Aleksandar Vukic and Over18.5, +130, Aleksandar Vukic and Under18.5, +925, Yoshihito Nishioka and Over18.5, +107, Yoshihito Nishioka and Under18.5, +690, Aleksandar Vukic and Over19.5, +157, Aleksandar Vukic and Under19.5, +590, Yoshihito Nishioka and Over19.5, +125, Yoshihito Nishioka and Under19.5, +510, Aleksandar Vukic and Over20.5, +180, Aleksandar Vukic and Under20.5, +470, Yoshihito Nishioka and Over20.5, +157, Yoshihito Nishioka and Under20.5, +360, Aleksandar Vukic and Over21.5, +205, Aleksandar Vukic and Under21.5, +390, Yoshihito Nishioka and Over21.5, +175, Yoshihito Nishioka and Under21.5, +305, Aleksandar Vukic and Over22.5, +245, Aleksandar Vukic and Under22.5, +315, Yoshihito Nishioka and Over22.5, +220, Yoshihito Nishioka and Under22.5, +240, Aleksandar Vukic and Over23.5, +285, Aleksandar Vukic and Under23.5, +270, Yoshihito Nishioka and Over23.5, +255, Yoshihito Nishioka and Under23.5, +205, Aleksandar Vukic and Over24.5, +290, Aleksandar Vukic and Under24.5, +260, Yoshihito Nishioka and Over24.5, +265, Yoshihito Nishioka and Under24.5, +200, Aleksandar Vukic and Over25.5, +320, Aleksandar Vukic and Under25.5, +240, Yoshihito Nishioka and Over25.5, +290, Yoshihito Nishioka and Under25.5, +182, Aleksandar Vukic and Over26.5, +360, Aleksandar Vukic and Under26.5, +215, Yoshihito Nishioka and Over26.5, +340, Yoshihito Nishioka and Under26.5, +162, Aleksandar Vukic and Over27.5, +410, Aleksandar Vukic and Under27.5, +200, Yoshihito Nishioka and Over27.5, +370, Yoshihito Nishioka and Under27.5, +152, Aleksandar Vukic and Over28.5, +450, Aleksandar Vukic and Under28.5, +185, Yoshihito Nishioka and Over28.5, +430, Yoshihito Nishioka and Under28.5, +137, Aleksandar Vukic and Over29.5, +540, Aleksandar Vukic and Under29.5, +165, Yoshihito Nishioka and Over29.5, +500, Yoshihito Nishioka and Under29.5, +127, Aleksandar Vukic and Over30.5, +630, Aleksandar Vukic and Under30.5, +152, Yoshihito Nishioka and Over30.5, +610, Yoshihito Nishioka and Under30.5, +115, Aleksandar Vukic and Over31.5, +825, Aleksandar Vukic and Under31.5, +135, Yoshihito Nishioka and Over31.5, +775, Yoshihito Nishioka and Under31.5, +102, Aleksandar Vukic and Over32.5, +1100, Aleksandar Vukic and Under32.5, +122, Yoshihito Nishioka and Over32.5, +1100, Yoshihito Nishioka and Under32.5, -110, Aleksandar Vukic and Over33.5, +1450, Aleksandar Vukic and Under33.5, +115, Yoshihito Nishioka and Over33.5, +1400, Yoshihito Nishioka and Under33.5, -118, Aleksandar Vukic and Over34.5, +1800, Aleksandar Vukic and Under34.5, +107, Yoshihito Nishioka and Over34.5, +1800, Yoshihito Nishioka and Under34.5, -125, Aleksandar Vukic and Over35.5, +2900, Aleksandar Vukic and Under35.5, +100, Yoshihito Nishioka and Over35.5, +2700, Yoshihito Nishioka and Under35.5, -133
Betano, Games Over/Under, Atlanta, Aleksandar Vukic - Yoshihito Nishioka, Set Total Games (Set 2), Over7.5, -2000, Under7.5, +670, Over8.5, -526, Under8.5, +315, Over9.5, -161, Under9.5, +115, Over10.5, +182, Under10.5, -263, Over12.5, +280, Under12.5, -435
Betano, Games Over/Under, Atlanta, Aleksandar Vukic - Yoshihito Nishioka, Set Total Games (Set 1), Over7.5, -2000, Under7.5, +660, Over8.5, -526, Under8.5, +315, Over9.5, -161, Under9.5, +115, Over10.5, +182, Under10.5, -263, Over12.5, +280, Under12.5, -435
Betano, Games Over/Under, Atlanta, Aleksandar Vukic - Yoshihito Nishioka, Aleksandar Vukic First Set Total Games, Over3.5, -435, Under3.5, +295, Over4.5, -192, Under4.5, +142, Over5.5, -154, Under5.5, +115
Betano, Games Over/Under, Atlanta, Aleksandar Vukic - Yoshihito Nishioka, Yoshihito Nishioka First Set Total Games, Over3.5, -417, Under3.5, +280, Over4.5, -238, Under4.5, +175, Over5.5, -200, Under5.5, +145
Betano, Games Over/Under, Atlanta, Aleksandar Vukic - Yoshihito Nishioka, Game Winning Margin, Aleksandar Vukic to win by 1-2 Games, +800, Aleksandar Vukic to win by 3-4 Games, +420, Aleksandar Vukic to win by 5-6 Games, +540, Aleksandar Vukic to win by 7+ Games, +725, Yoshihito Nishioka to win by 1-2 Games, +725, Yoshihito Nishioka to win by 3-4 Games, +340, Yoshihito Nishioka to win by 5-6 Games, +470, Yoshihito Nishioka to win by 7+ Games, +680, Tie, +2000
Betano, Games Over/Under, Atlanta, Aleksandar Vukic - Yoshihito Nishioka, Aleksandar Vukic Games Won, Over7.5, -667, Under7.5, +400, Over8.5, -435, Under8.5, +285, Over9.5, -323, Under9.5, +225, Over10.5, -263, Under10.5, +187, Over11.5, -227, Under11.5, +165, Over12.5, -115, Under12.5, -115, Over13.5, +157, Under13.5, -213, Over14.5, +215, Under14.5, -303, Over15.5, +295, Under15.5, -435
Betano, Games Over/Under, Atlanta, Aleksandar Vukic - Yoshihito Nishioka, Yoshihito Nishioka Games Won, Over8.5, -588, Under8.5, +360, Over9.5, -435, Under9.5, +290, Over10.5, -345, Under10.5, +240, Over11.5, -303, Under11.5, +215, Over12.5, -128, Under12.5, -102, Over13.5, +150, Under13.5, -200, Over14.5, +205, Under14.5, -286, Over15.5, +285, Under15.5, -435, Over16.5, +440, Under16.5, -769
Betano, Games Over/Under, Atlanta, Aleksandar Vukic - Yoshihito Nishioka, Score After 2 Games (Set 2), 2-0, +385, 1-1, -256, 0-2, +340
Betano, Games Over/Under, Atlanta, Juncheng Shang - Ben Shelton, Score After 6 Games (Set 2), 6-0, +17400, 5-1, +2800, 4-2, +400, 3-3, -111, 2-4, +235, 1-5, +1250, 0-6, +9900
Betano, Games Over/Under, Atlanta, Aleksandar Vukic - Yoshihito Nishioka, Score After 4 games (Set 1), 4-0, +2700, 3-1, +315, 2-2, -125, 1-3, +280, 0-4, +2200
Betano, Games Over/Under, Atlanta, Aleksandar Vukic - Yoshihito Nishioka, Score After 2 Games (Set 1), 2-0, +385, 1-1, -256, 0-2, +340
Betano, Games Over/Under, Atlanta, Aleksandar Vukic - Yoshihito Nishioka, Score After 4 games (Set 2), 4-0, +2700, 3-1, +315, 2-2, -125, 1-3, +280, 0-4, +2200
Betano, Games Over/Under, Atlanta, Aleksandar Vukic - Yoshihito Nishioka, Score After 6 Games (Set 1), 6-0, +9900, 5-1, +1400, 4-2, +295, 3-3, +120, 2-4, +260, 1-5, +1150, 0-6, +7900
Betano, Games Over/Under, Atlanta, Thanasi Kokkinakis - Alex De Minaur, Games, Over16.5, -2500, Under16.5, +725, Over17.5, -909, Under17.5, +450, Over18.5, -476, Under18.5, +300, Over19.5, -294, Under19.5, +200, Over20.5, -200, Under20.5, +142, Over21.5, -161, Under21.5, +115, Over22.5, -114, Under22.5, -122, Over23.5, +112, Under23.5, -154, Over24.5, +118, Under24.5, -161, Over25.5, +132, Under25.5, -189, Over26.5, +160, Under26.5, -227, Over27.5, +177, Under27.5, -256, Over28.5, +205, Under28.5, -303, Over29.5, +240, Under29.5, -370, Over30.5, +285, Under30.5, -455, Over31.5, +365, Under31.5, -625, Over32.5, +480, Under32.5, -1000, Over33.5, +590, Under33.5, -1429, Over34.5, +690, Under34.5, -2000, Over35.5, +875, Under35.5, -5000
Betano, Games Over/Under, Atlanta, Thanasi Kokkinakis - Alex De Minaur, Winner and Total Games, Thanasi Kokkinakis and Over15.5, +210, Thanasi Kokkinakis and Under15.5, +7400, Alex De Minaur and Over15.5, -312, Alex De Minaur and Under15.5, +2000, Thanasi Kokkinakis and Over16.5, +220, Thanasi Kokkinakis and Under16.5, +5900, Alex De Minaur and Over16.5, -263, Alex De Minaur and Under16.5, +1050, Thanasi Kokkinakis and Over17.5, +235, Thanasi Kokkinakis and Under17.5, +3600, Alex De Minaur and Over17.5, -200, Alex De Minaur and Under17.5, +570, Thanasi Kokkinakis and Over18.5, +250, Thanasi Kokkinakis and Under18.5, +2400, Alex De Minaur and Over18.5, -154, Alex De Minaur and Under18.5, +365, Thanasi Kokkinakis and Over19.5, +275, Thanasi Kokkinakis and Under19.5, +1550, Alex De Minaur and Over19.5, -111, Alex De Minaur and Under19.5, +250, Thanasi Kokkinakis and Over20.5, +310, Thanasi Kokkinakis and Under20.5, +1150, Alex De Minaur and Over20.5, +115, Alex De Minaur and Under20.5, +185, Thanasi Kokkinakis and Over21.5, +330, Thanasi Kokkinakis and Under21.5, +975, Alex De Minaur and Over21.5, +140, Alex De Minaur and Under21.5, +152, Thanasi Kokkinakis and Over22.5, +380, Thanasi Kokkinakis and Under22.5, +750, Alex De Minaur and Over22.5, +182, Alex De Minaur and Under22.5, +118, Thanasi Kokkinakis and Over23.5, +430, Thanasi Kokkinakis and Under23.5, +620, Alex De Minaur and Over23.5, +225, Alex De Minaur and Under23.5, -102, Thanasi Kokkinakis and Over24.5, +440, Thanasi Kokkinakis and Under24.5, +610, Alex De Minaur and Over24.5, +230, Alex De Minaur and Under24.5, -105, Thanasi Kokkinakis and Over25.5, +470, Thanasi Kokkinakis and Under25.5, +560, Alex De Minaur and Over25.5, +260, Alex De Minaur and Under25.5, -114, Thanasi Kokkinakis and Over26.5, +520, Thanasi Kokkinakis and Under26.5, +490, Alex De Minaur and Over26.5, +300, Alex De Minaur and Under26.5, -128, Thanasi Kokkinakis and Over27.5, +560, Thanasi Kokkinakis and Under27.5, +460, Alex De Minaur and Over27.5, +335, Alex De Minaur and Under27.5, -139, Thanasi Kokkinakis and Over28.5, +620, Thanasi Kokkinakis and Under28.5, +420, Alex De Minaur and Over28.5, +380, Alex De Minaur and Under28.5, -154, Thanasi Kokkinakis and Over29.5, +700, Thanasi Kokkinakis and Under29.5, +385, Alex De Minaur and Over29.5, +440, Alex De Minaur and Under29.5, -167, Thanasi Kokkinakis and Over30.5, +800, Thanasi Kokkinakis and Under30.5, +350, Alex De Minaur and Over30.5, +530, Alex De Minaur and Under30.5, -182, Thanasi Kokkinakis and Over31.5, +975, Thanasi Kokkinakis and Under31.5, +315, Alex De Minaur and Over31.5, +690, Alex De Minaur and Under31.5, -213, Thanasi Kokkinakis and Over32.5, +1250, Thanasi Kokkinakis and Under32.5, +280, Alex De Minaur and Over32.5, +925, Alex De Minaur and Under32.5, -238, Thanasi Kokkinakis and Over33.5, +1550, Thanasi Kokkinakis and Under33.5, +260, Alex De Minaur and Over33.5, +1200, Alex De Minaur and Under33.5, -263, Thanasi Kokkinakis and Over34.5, +1900, Thanasi Kokkinakis and Under34.5, +245, Alex De Minaur and Over34.5, +1500, Alex De Minaur and Under34.5, -286
Betano, Games Over/Under, Atlanta, Thanasi Kokkinakis - Alex De Minaur, Set Total Games (Set 1), Over7.5, -1667, Under7.5, +630, Over8.5, -500, Under8.5, +305, Over9.5, -154, Under9.5, +110, Over10.5, +185, Under10.5, -270, Over12.5, +270, Under12.5, -435
Betano, Games Over/Under, Atlanta, Thanasi Kokkinakis - Alex De Minaur, Thanasi Kokkinakis First Set Total Games, Over3.5, -238, Under3.5, +172, Over4.5, -115, Under4.5, -115, Over5.5, +107, Under5.5, -143
Betano, Games Over/Under, Atlanta, Thanasi Kokkinakis - Alex De Minaur, Set Total Games (Set 2), Over7.5, -2000, Under7.5, +660, Over8.5, -500, Under8.5, +305, Over9.5, -161, Under9.5, +115, Over10.5, +185, Under10.5, -270, Over12.5, +270, Under12.5, -435
Betano, Games Over/Under, Atlanta, Thanasi Kokkinakis - Alex De Minaur, Thanasi Kokkinakis Games Won, Over6.5, -526, Under6.5, +330, Over7.5, -312, Under7.5, +220, Over8.5, -200, Under8.5, +150, Over9.5, -154, Under9.5, +115, Over10.5, -122, Under10.5, -108, Over11.5, -108, Under11.5, -125, Over12.5, +135, Under12.5, -182, Over13.5, +205, Under13.5, -294, Over14.5, +275, Under14.5, -417
Betano, Games Over/Under, Atlanta, Thanasi Kokkinakis - Alex De Minaur, Alex De Minaur First Set Total Games, Over4.5, -476, Under4.5, +315, Over5.5, -400, Under5.5, +270, Over6.5, +330, Under6.5, -526
Betano, Games Over/Under, Atlanta, Thanasi Kokkinakis - Alex De Minaur, Game Winning Margin, Thanasi Kokkinakis to win by 1-2 Games, +1000, Thanasi Kokkinakis to win by 3-4 Games, +690, Thanasi Kokkinakis to win by 5-6 Games, +1350, Thanasi Kokkinakis to win by 7+ Games, +1075, Alex De Minaur to win by 1-2 Games, +700, Alex De Minaur to win by 3-4 Games, +255, Alex De Minaur to win by 5-6 Games, +275, Alex De Minaur to win by 7+ Games, +430, Tie, +2100
Betano, Games Over/Under, Atlanta, Thanasi Kokkinakis - Alex De Minaur, Alex De Minaur Games Won, Over9.5, -1250, Under9.5, +600, Over10.5, -1000, Under10.5, +510, Over11.5, -833, Under11.5, +460, Over12.5, -154, Under12.5, +115, Over13.5, +150, Under13.5, -200, Over14.5, +195, Under14.5, -270, Over15.5, +260, Under15.5, -385, Over16.5, +390, Under16.5, -625, Over17.5, +550, Under17.5, -1111
Betano, Games Over/Under, Atlanta, Thanasi Kokkinakis - Alex De Minaur, Score After 2 Games (Set 1), 2-0, +590, 1-1, -278, 0-2, +270
Betano, Games Over/Under, Atlanta, Aleksandar Vukic - Yoshihito Nishioka, Score After 6 Games (Set 2), 6-0, +9900, 5-1, +1400, 4-2, +295, 3-3, +120, 2-4, +260, 1-5, +1150, 0-6, +7900
Betano, Games Over/Under, Atlanta, Thanasi Kokkinakis - Alex De Minaur, Score After 4 games (Set 1), 4-0, +5900, 3-1, +500, 2-2, -133, 1-3, +210, 0-4, +1550
Betano, Games Over/Under, Atlanta, Thanasi Kokkinakis - Alex De Minaur, Score After 2 Games (Set 2), 2-0, +590, 1-1, -278, 0-2, +270
Betano, Games Over/Under, Atlanta, Thanasi Kokkinakis - Alex De Minaur, Score After 4 games (Set 2), 4-0, +5900, 3-1, +500, 2-2, -133, 1-3, +210, 0-4, +1550
Betano, Games Over/Under, Atlanta, Thanasi Kokkinakis - Alex De Minaur, Score After 6 Games (Set 2), 6-0, +17400, 5-1, +3100, 4-2, +460, 3-3, +115, 2-4, +192, 1-5, +775, 0-6, +5400
Betano, Games Over/Under, Atlanta, Thanasi Kokkinakis - Alex De Minaur, Score After 6 Games (Set 1), 6-0, +17400, 5-1, +3100, 4-2, +460, 3-3, +115, 2-4, +192, 1-5, +775, 0-6, +5400
Betano, Games Over/Under, Umag, Fabian Marozsan - Juan Manuel Cerundolo, Games, Over17.5, +265, Under17.5, -400, Over18.5, +450, Under18.5, -769, Over19.5, +925, Under19.5, -3333
Betano, Games Over/Under, Umag, Fabian Marozsan - Juan Manuel Cerundolo, Set Total Games (Set 2), Over8.5, +260, Under8.5, -357, Over9.5, +450, Under9.5, -769, Over10.5, +925, Under10.5, -3333, Over12.5, +1075, Under12.5, -6667
Betano, Games Over/Under, Umag, Fabian Marozsan - Juan Manuel Cerundolo, Set Total Games (Set 3), Over6.5, -6667, Under6.5, +1075, Over7.5, -1250, Under7.5, +580, Over8.5, -333, Under8.5, +230, Over9.5, -118, Under9.5, -111, Over10.5, +245, Under10.5, -357, Over12.5, +460, Under12.5, -833
Betano, Games Over/Under, Umag, Fabian Marozsan - Juan Manuel Cerundolo, Winner and Total Games, Fabian Marozsan and Over17.5, +250, Fabian Marozsan and Under17.5, -400, Juan Manuel Cerundolo and Over17.5, +3100, Fabian Marozsan and Over18.5, +400, Fabian Marozsan and Under18.5, -769, Juan Manuel Cerundolo and Over18.5, +2800
Betano, Games Over/Under, Umag, Fabian Marozsan - Juan Manuel Cerundolo, Fabian Marozsan Games Won, Over12.5, +875, Under12.5, -3333, Over13.5, +1100, Under13.5, -6667, Over14.5, +1150, Under14.5, -10000
Betano, Games Over/Under, Umag, Fabian Marozsan - Juan Manuel Cerundolo, Juan Manuel Cerundolo Games Won, Over5.5, +255, Under5.5, -370, Over6.5, +410, Under6.5, -714, Over7.5, +875, Under7.5, -3333
Betano, Games Over/Under, Umag, Fabian Marozsan - Juan Manuel Cerundolo, Score After 6 Games (Set 3), 6-0, +4900, 5-1, +925, 4-2, +285, 3-3, +167, 2-4, +260, 1-5, +800, 0-6, +4900
Betano, Games Over/Under, Umag, Fabian Marozsan - Juan Manuel Cerundolo, Score After 4 games (Set 3), 4-0, +1500, 3-1, +270, 2-2, +125, 1-3, +245, 0-4, +1350
Betano, Games Over/Under, Umag, Marco Cecchinato - Alexander Shevchenko, Games, Over20.5, -143, Under20.5, +107, Over21.5, -122, Under21.5, -108, Over22.5, +112, Under22.5, -143
Betano, Games Over/Under, Umag, Marco Cecchinato - Alexander Shevchenko, Winner and Total Games, Marco Cecchinato and Over19.5, +315, Marco Cecchinato and Under19.5, +6900, Alexander Shevchenko and Over19.5, +105, Alexander Shevchenko and Under19.5, +160, Marco Cecchinato and Over20.5, +320, Marco Cecchinato and Under20.5, +5400, Alexander Shevchenko and Over20.5, +152, Alexander Shevchenko and Under20.5, +110
Betano, Games Over/Under, Umag, Marco Cecchinato - Alexander Shevchenko, Set Total Games (Set 1), Over9.5, -175, Under9.5, +137, Over10.5, +410, Under10.5, -714, Over12.5, +690, Under12.5, -1667
Betano, Games Over/Under, Umag, Marco Cecchinato - Alexander Shevchenko, Set Total Games (Set 2), Over6.5, -5000, Under6.5, +1025, Over7.5, -909, Under7.5, +500, Over8.5, -278, Under8.5, +200, Over9.5, -102, Under9.5, -128, Over10.5, +275, Under10.5, -400, Over12.5, +500, Under12.5, -909
Betano, Games Over/Under, Umag, Marco Cecchinato - Alexander Shevchenko, Marco Cecchinato First Set Total Games, Over3.5, -175, Under3.5, +132
Betano, Games Over/Under, Umag, Marco Cecchinato - Alexander Shevchenko, Alexander Shevchenko First Set Total Games, Over6.5, +610, Under6.5, -1250
Betano, Games Over/Under, Umag, Marco Cecchinato - Alexander Shevchenko, Alexander Shevchenko Games Won, Over12.5, -105, Under12.5, -125, Over13.5, +200, Under13.5, -286, Over14.5, +265, Under14.5, -385
Betano, Games Over/Under, Umag, Marco Cecchinato - Alexander Shevchenko, Score After 2 Games (Set 2), 2-0, +340, 1-1, -143, 0-2, +205
Betano, Games Over/Under, Umag, Marco Cecchinato - Alexander Shevchenko, Marco Cecchinato Games Won, Over8.5, -128, Under8.5, -102, Over9.5, +105, Under9.5, -139, Over10.5, +125, Under10.5, -167
Betano, Games Over/Under, Umag, Marco Cecchinato - Alexander Shevchenko, Game Winning Margin, Marco Cecchinato to win by 1-2 Games, +1075, Marco Cecchinato to win by 3-4 Games, +900, Marco Cecchinato to win by 5-6 Games, +1700, Marco Cecchinato to win by 7+ Games, +1300, Alexander Shevchenko to win by 1-2 Games, +950, Alexander Shevchenko to win by 3-4 Games, +225, Alexander Shevchenko to win by 5-6 Games, +210, Alexander Shevchenko to win by 7+ Games, +500, Tie, +2500
Betano, Games Over/Under, Umag, Marco Cecchinato - Alexander Shevchenko, Score After 4 games (Set 2), 4-0, +2100, 3-1, +335, 2-2, +130, 1-3, +200, 0-4, +925
Betano, Games Over/Under, Umag, Albert Ramos-Vinolas - Jaume Antoni Munar Clar, Games, Over20.5, -128, Under20.5, -102, Over21.5, +100, Under21.5, -133, Over22.5, +115, Under22.5, -154
Betano, Games Over/Under, Umag, Albert Ramos-Vinolas - Jaume Antoni Munar Clar, Winner and Total Games, Albert Ramos-Vinolas and Over18.5, +270, Albert Ramos-Vinolas and Under18.5, +8900, Jaume Antoni Munar Clar and Over18.5, +127, Jaume Antoni Munar Clar and Under18.5, +145, Albert Ramos-Vinolas and Over19.5, +270, Albert Ramos-Vinolas and Under19.5, +7900, Jaume Antoni Munar Clar and Over19.5, +160, Jaume Antoni Munar Clar and Under19.5, +115
Betano, Games Over/Under, Umag, Marco Cecchinato - Alexander Shevchenko, Score After 6 Games (Set 2), 6-0, +7400, 5-1, +1250, 4-2, +360, 3-3, +180, 2-4, +220, 1-5, +560, 0-6, +2800
Betano, Games Over/Under, Umag, Albert Ramos-Vinolas - Jaume Antoni Munar Clar, Set Total Games (Set 1), Over8.5, +118, Under8.5, -154, Over9.5, +450, Under9.5, -769, Over10.5, +680, Under10.5, -1667, Over12.5, +900, Under12.5, -3333
Betano, Games Over/Under, Umag, Albert Ramos-Vinolas - Jaume Antoni Munar Clar, Set Total Games (Set 2), Over6.5, -4000, Under6.5, +975, Over7.5, -769, Under7.5, +450, Over8.5, -256, Under8.5, +185, Over9.5, +105, Under9.5, -139, Over10.5, +285, Under10.5, -417, Over12.5, +550, Under12.5, -1111
Betano, Games Over/Under, Umag, Albert Ramos-Vinolas - Jaume Antoni Munar Clar, Albert Ramos-Vinolas First Set Total Games, Over2.5, +115, Under2.5, -154
Betano, Games Over/Under, Umag, Albert Ramos-Vinolas - Jaume Antoni Munar Clar, Jaume Antoni Munar Clar First Set Total Games, Over6.5, +850, Under6.5, -2500
Betano, Games Over/Under, Umag, Albert Ramos-Vinolas - Jaume Antoni Munar Clar, Game Winning Margin, Albert Ramos-Vinolas to win by 1-2 Games, +850, Albert Ramos-Vinolas to win by 3-4 Games, +1000, Albert Ramos-Vinolas to win by 5-6 Games, +2300, Albert Ramos-Vinolas to win by 7+ Games, +1700, Jaume Antoni Munar Clar to win by 1-2 Games, +1250, Jaume Antoni Munar Clar to win by 3-4 Games, +600, Jaume Antoni Munar Clar to win by 5-6 Games, +205, Jaume Antoni Munar Clar to win by 7+ Games, +200, Tie, +1800
Betano, Games Over/Under, Umag, Albert Ramos-Vinolas - Jaume Antoni Munar Clar, Jaume Antoni Munar Clar Games Won, Over12.5, +102, Under12.5, -133, Over13.5, +205, Under13.5, -294, Over14.5, +280, Under14.5, -417
Betano, Games Over/Under, Umag, Albert Ramos-Vinolas - Jaume Antoni Munar Clar, Albert Ramos-Vinolas Games Won, Over7.5, -133, Under7.5, +100, Over8.5, -102, Under8.5, -128, Over9.5, +115, Under9.5, -154
Betano, Games Over/Under, Umag, Albert Ramos-Vinolas - Jaume Antoni Munar Clar, Score After 2 Games (Set 2), 2-0, +280, 1-1, -125, 0-2, +200
Betano, Games Over/Under, Umag, Albert Ramos-Vinolas - Jaume Antoni Munar Clar, Score After 4 games (Set 2), 4-0, +1500, 3-1, +300, 2-2, +142, 1-3, +215, 0-4, +900
Betano, Games Over/Under, Umag, Albert Ramos-Vinolas - Jaume Antoni Munar Clar, Score After 6 Games (Set 2), 6-0, +4900, 5-1, +975, 4-2, +330, 3-3, +190, 2-4, +245, 1-5, +580, 0-6, +2700
Betano, Games Over/Under, Umag, Taro Daniel - Roberto Carballes Baena, Games, Over15.5, -3333, Under15.5, +825, Over16.5, -1250, Under16.5, +560, Over17.5, -625, Under17.5, +360, Over18.5, -370, Under18.5, +240, Over19.5, -250, Under19.5, +172, Over20.5, -182, Under20.5, +130, Over21.5, -143, Under21.5, +105, Over22.5, -111, Under22.5, -125, Over23.5, +105, Under23.5, -143, Over24.5, +115, Under24.5, -161, Over25.5, +135, Under25.5, -189, Over26.5, +162, Under26.5, -227, Over27.5, +192, Under27.5, -286, Over28.5, +235, Under28.5, -357, Over29.5, +295, Under29.5, -476, Over30.5, +380, Under30.5, -667, Over31.5, +490, Under31.5, -1000, Over32.5, +640, Under32.5, -1667, Over33.5, +775, Under33.5, -2500, Over34.5, +900, Under34.5, -5000
Betano, Games Over/Under, Umag, Taro Daniel - Roberto Carballes Baena, Winner and Total Games, Taro Daniel and Over15.5, -105, Taro Daniel and Under15.5, +2500, Roberto Carballes Baena and Over15.5, -118, Roberto Carballes Baena and Under15.5, +2200, Taro Daniel and Over16.5, +105, Taro Daniel and Under16.5, +1400, Roberto Carballes Baena and Over16.5, -105, Roberto Carballes Baena and Under16.5, +1250, Taro Daniel and Over17.5, +122, Taro Daniel and Under17.5, +875, Roberto Carballes Baena and Over17.5, +112, Roberto Carballes Baena and Under17.5, +775, Taro Daniel and Over18.5, +145, Taro Daniel and Under18.5, +590, Roberto Carballes Baena and Over18.5, +135, Roberto Carballes Baena and Under18.5, +530, Taro Daniel and Over19.5, +170, Taro Daniel and Under19.5, +440, Roberto Carballes Baena and Over19.5, +160, Roberto Carballes Baena and Under19.5, +390, Taro Daniel and Over20.5, +200, Taro Daniel and Under20.5, +355, Roberto Carballes Baena and Over20.5, +190, Roberto Carballes Baena and Under20.5, +315, Taro Daniel and Over21.5, +225, Taro Daniel and Under21.5, +305, Roberto Carballes Baena and Over21.5, +215, Roberto Carballes Baena and Under21.5, +270, Taro Daniel and Over22.5, +265, Taro Daniel and Under22.5, +255, Roberto Carballes Baena and Over22.5, +255, Roberto Carballes Baena and Under22.5, +230, Taro Daniel and Over23.5, +300, Taro Daniel and Under23.5, +230, Roberto Carballes Baena and Over23.5, +285, Roberto Carballes Baena and Under23.5, +205, Taro Daniel and Over24.5, +315, Taro Daniel and Under24.5, +220, Roberto Carballes Baena and Over24.5, +305, Roberto Carballes Baena and Under24.5, +195, Taro Daniel and Over25.5, +355, Taro Daniel and Under25.5, +200, Roberto Carballes Baena and Over25.5, +340, Roberto Carballes Baena and Under25.5, +177, Taro Daniel and Over26.5, +410, Taro Daniel and Under26.5, +180, Roberto Carballes Baena and Over26.5, +390, Roberto Carballes Baena and Under26.5, +160, Taro Daniel and Over27.5, +470, Taro Daniel and Under27.5, +165, Roberto Carballes Baena and Over27.5, +450, Roberto Carballes Baena and Under27.5, +147, Taro Daniel and Over28.5, +550, Taro Daniel and Under28.5, +150, Roberto Carballes Baena and Over28.5, +540, Roberto Carballes Baena and Under28.5, +132, Taro Daniel and Over29.5, +680, Taro Daniel and Under29.5, +135, Roberto Carballes Baena and Over29.5, +670, Roberto Carballes Baena and Under29.5, +120, Taro Daniel and Over30.5, +850, Taro Daniel and Under30.5, +122, Roberto Carballes Baena and Over30.5, +850, Roberto Carballes Baena and Under30.5, +110, Taro Daniel and Over31.5, +1150, Taro Daniel and Under31.5, +110, Roberto Carballes Baena and Over31.5, +1100, Roberto Carballes Baena and Under31.5, -102, Taro Daniel and Over32.5, +1550, Taro Daniel and Under32.5, +102, Roberto Carballes Baena and Over32.5, +1550, Roberto Carballes Baena and Under32.5, -110, Taro Daniel and Over33.5, +2100, Taro Daniel and Under33.5, -105, Roberto Carballes Baena and Over33.5, +2100, Roberto Carballes Baena and Under33.5, -118, Taro Daniel and Over34.5, +2800, Taro Daniel and Under34.5, -108, Roberto Carballes Baena and Over34.5, +2800, Roberto Carballes Baena and Under34.5, -122
Betano, Games Over/Under, Umag, Taro Daniel - Roberto Carballes Baena, Set Total Games (Set 1), Over6.5, -6667, Under6.5, +950, Over7.5, -1000, Under7.5, +470, Over8.5, -312, Under8.5, +210, Over9.5, -115, Under9.5, -120, Over10.5, +235, Under10.5, -357, Over12.5, +400, Under12.5, -714
Betano, Games Over/Under, Umag, Taro Daniel - Roberto Carballes Baena, Taro Daniel First Set Total Games, Over3.5, -323, Under3.5, +230, Over4.5, -182, Under4.5, +135, Over5.5, -143, Under5.5, +107
Betano, Games Over/Under, Umag, Taro Daniel - Roberto Carballes Baena, Set Total Games (Set 2), Over6.5, -6667, Under6.5, +950, Over7.5, -1000, Under7.5, +480, Over8.5, -312, Under8.5, +210, Over9.5, -118, Under9.5, -118, Over10.5, +235, Under10.5, -357, Over12.5, +400, Under12.5, -714
Betano, Games Over/Under, Umag, Taro Daniel - Roberto Carballes Baena, Roberto Carballes Baena Games Won, Over7.5, -588, Under7.5, +360, Over8.5, -417, Under8.5, +285, Over9.5, -333, Under9.5, +235, Over10.5, -286, Under10.5, +200, Over11.5, -238, Under11.5, +177, Over12.5, +100, Under12.5, -133, Over13.5, +182, Under13.5, -250, Over14.5, +250, Under14.5, -357, Over15.5, +350, Under15.5, -556
Betano, Games Over/Under, Umag, Fabian Marozsan - Juan Manuel Cerundolo, Score After 2 Games (Set 3), 2-0, +270, 1-1, -143, 0-2, +250
Betano, Games Over/Under, Umag, Taro Daniel - Roberto Carballes Baena, Roberto Carballes Baena First Set Total Games, Over3.5, -357, Under3.5, +245, Over4.5, -200, Under4.5, +147, Over5.5, -161, Under5.5, +120
Betano, Games Over/Under, Umag, Taro Daniel - Roberto Carballes Baena, Game Winning Margin, Taro Daniel to win by 1-2 Games, +950, Taro Daniel to win by 3-4 Games, +480, Taro Daniel to win by 5-6 Games, +490, Taro Daniel to win by 7+ Games, +540, Roberto Carballes Baena to win by 1-2 Games, +950, Roberto Carballes Baena to win by 3-4 Games, +460, Roberto Carballes Baena to win by 5-6 Games, +450, Roberto Carballes Baena to win by 7+ Games, +490, Tie, +2300
Betano, Games Over/Under, Umag, Taro Daniel - Roberto Carballes Baena, Score After 2 Games (Set 2), 2-0, +275, 1-1, -154, 0-2, +265
Betano, Games Over/Under, Umag, Taro Daniel - Roberto Carballes Baena, Taro Daniel Games Won, Over7.5, -500, Under7.5, +325, Over8.5, -370, Under8.5, +255, Over9.5, -294, Under9.5, +210, Over10.5, -250, Under10.5, +180, Over11.5, -213, Under11.5, +157, Over12.5, +105, Under12.5, -139, Over13.5, +187, Under13.5, -256, Over14.5, +255, Under14.5, -370, Over15.5, +360, Under15.5, -588
Betano, Games Over/Under, Umag, Taro Daniel - Roberto Carballes Baena, Score After 4 games (Set 1), 4-0, +1500, 3-1, +265, 2-2, +122, 1-3, +250, 0-4, +1350
Betano, Games Over/Under, Umag, Taro Daniel - Roberto Carballes Baena, Score After 2 Games (Set 1), 2-0, +275, 1-1, -154, 0-2, +265
Betano, Games Over/Under, Umag, Taro Daniel - Roberto Carballes Baena, Score After 4 games (Set 2), 4-0, +1500, 3-1, +265, 2-2, +122, 1-3, +250, 0-4, +1350
Betano, Games Over/Under, Umag, Taro Daniel - Roberto Carballes Baena, Score After 6 Games (Set 1), 6-0, +4900, 5-1, +875, 4-2, +280, 3-3, +167, 2-4, +265, 1-5, +825, 0-6, +4400
Betano, Games Over/Under, Umag, Marc-Andrea Huesler - Federico Coria, Games, Over15.5, -3333, Under15.5, +825, Over16.5, -1250, Under16.5, +570, Over17.5, -625, Under17.5, +360, Over18.5, -370, Under18.5, +245, Over19.5, -250, Under19.5, +172, Over20.5, -182, Under20.5, +130, Over21.5, -143, Under21.5, +105, Over22.5, -111, Under22.5, -125, Over23.5, +105, Under23.5, -143, Over24.5, +115, Under24.5, -161, Over25.5, +135, Under25.5, -189, Over26.5, +162, Under26.5, -227, Over27.5, +192, Under27.5, -278, Over28.5, +235, Under28.5, -357, Over29.5, +295, Under29.5, -476, Over30.5, +375, Under30.5, -667, Over31.5, +490, Under31.5, -1000, Over32.5, +630, Under32.5, -1667, Over33.5, +775, Under33.5, -2500, Over34.5, +875, Under34.5, -5000
Betano, Games Over/Under, Umag, Marc-Andrea Huesler - Federico Coria, Winner and Total Games, Marc-Andrea Huesler and Over15.5, +102, Marc-Andrea Huesler and Under15.5, +2900, Federico Coria and Over15.5, -128, Federico Coria and Under15.5, +1900, Marc-Andrea Huesler and Over16.5, +115, Marc-Andrea Huesler and Under16.5, +1600, Federico Coria and Over16.5, -115, Federico Coria and Under16.5, +1150, Marc-Andrea Huesler and Over17.5, +130, Marc-Andrea Huesler and Under17.5, +1000, Federico Coria and Over17.5, +105, Federico Coria and Under17.5, +680, Marc-Andrea Huesler and Over18.5, +152, Marc-Andrea Huesler and Under18.5, +670, Federico Coria and Over18.5, +127, Federico Coria and Under18.5, +480, Marc-Andrea Huesler and Over19.5, +177, Marc-Andrea Huesler and Under19.5, +510, Federico Coria and Over19.5, +155, Federico Coria and Under19.5, +350, Marc-Andrea Huesler and Over20.5, +210, Marc-Andrea Huesler and Under20.5, +400, Federico Coria and Over20.5, +182, Federico Coria and Under20.5, +285, Marc-Andrea Huesler and Over21.5, +235, Marc-Andrea Huesler and Under21.5, +345, Federico Coria and Over21.5, +210, Federico Coria and Under21.5, +245, Marc-Andrea Huesler and Over22.5, +275, Marc-Andrea Huesler and Under22.5, +285, Federico Coria and Over22.5, +245, Federico Coria and Under22.5, +210, Marc-Andrea Huesler and Over23.5, +310, Marc-Andrea Huesler and Under23.5, +255, Federico Coria and Over23.5, +280, Federico Coria and Under23.5, +187, Marc-Andrea Huesler and Over24.5, +325, Marc-Andrea Huesler and Under24.5, +245, Federico Coria and Over24.5, +295, Federico Coria and Under24.5, +177, Marc-Andrea Huesler and Over25.5, +360, Marc-Andrea Huesler and Under25.5, +225, Federico Coria and Over25.5, +335, Federico Coria and Under25.5, +162, Marc-Andrea Huesler and Over26.5, +420, Marc-Andrea Huesler and Under26.5, +200, Federico Coria and Over26.5, +380, Federico Coria and Under26.5, +147, Marc-Andrea Huesler and Over27.5, +470, Marc-Andrea Huesler and Under27.5, +185, Federico Coria and Over27.5, +450, Federico Coria and Under27.5, +132, Marc-Andrea Huesler and Over28.5, +570, Marc-Andrea Huesler and Under28.5, +165, Federico Coria and Over28.5, +520, Federico Coria and Under28.5, +120, Marc-Andrea Huesler and Over29.5, +680, Marc-Andrea Huesler and Under29.5, +150, Federico Coria and Over29.5, +650, Federico Coria and Under29.5, +107, Marc-Andrea Huesler and Over30.5, +875, Marc-Andrea Huesler and Under30.5, +135, Federico Coria and Over30.5, +825, Federico Coria and Under30.5, -102, Marc-Andrea Huesler and Over31.5, +1150, Marc-Andrea Huesler and Under31.5, +125, Federico Coria and Over31.5, +1100, Federico Coria and Under31.5, -111, Marc-Andrea Huesler and Over32.5, +1600, Marc-Andrea Huesler and Under32.5, +112, Federico Coria and Over32.5, +1500, Federico Coria and Under32.5, -122, Marc-Andrea Huesler and Over33.5, +2100, Marc-Andrea Huesler and Under33.5, +107, Federico Coria and Over33.5, +2000, Federico Coria and Under33.5, -128, Marc-Andrea Huesler and Over34.5, +2800, Marc-Andrea Huesler and Under34.5, +102, Federico Coria and Over34.5, +2700, Federico Coria and Under34.5, -133
Betano, Games Over/Under, Umag, Taro Daniel - Roberto Carballes Baena, Score After 6 Games (Set 2), 6-0, +4900, 5-1, +875, 4-2, +280, 3-3, +167, 2-4, +265, 1-5, +825, 0-6, +4400
Betano, Games Over/Under, Umag, Marc-Andrea Huesler - Federico Coria, Set Total Games (Set 1), Over6.5, -6667, Under6.5, +950, Over7.5, -1000, Under7.5, +470, Over8.5, -312, Under8.5, +210, Over9.5, -115, Under9.5, -120, Over10.5, +235, Under10.5, -357, Over12.5, +400, Under12.5, -714
Betano, Games Over/Under, Umag, Marc-Andrea Huesler - Federico Coria, Federico Coria First Set Total Games, Over3.5, -417, Under3.5, +280, Over4.5, -213, Under4.5, +157, Over5.5, -175, Under5.5, +130
Betano, Games Over/Under, Umag, Marc-Andrea Huesler - Federico Coria, Marc-Andrea Huesler First Set Total Games, Over3.5, -286, Under3.5, +205, Over4.5, -167, Under4.5, +125, Over5.5, -133, Under5.5, +102
Betano, Games Over/Under, Umag, Marc-Andrea Huesler - Federico Coria, Federico Coria Games Won, Over7.5, -667, Under7.5, +400, Over8.5, -476, Under8.5, +315, Over9.5, -385, Under9.5, +260, Over10.5, -323, Under10.5, +225, Over11.5, -270, Under11.5, +195, Over12.5, -105, Under12.5, -125, Over13.5, +180, Under13.5, -250, Over14.5, +245, Under14.5, -345, Over15.5, +340, Under15.5, -526
Betano, Games Over/Under, Umag, Marc-Andrea Huesler - Federico Coria, Marc-Andrea Huesler Games Won, Over7.5, -455, Under7.5, +295, Over8.5, -333, Under8.5, +230, Over9.5, -270, Under9.5, +192, Over10.5, -222, Under10.5, +165, Over11.5, -192, Under11.5, +142, Over12.5, +107, Under12.5, -143, Over13.5, +192, Under13.5, -263, Over14.5, +260, Under14.5, -385, Over15.5, +370, Under15.5, -588
Betano, Games Over/Under, Umag, Marc-Andrea Huesler - Federico Coria, Game Winning Margin, Marc-Andrea Huesler to win by 1-2 Games, +950, Marc-Andrea Huesler to win by 3-4 Games, +490, Marc-Andrea Huesler to win by 5-6 Games, +530, Marc-Andrea Huesler to win by 7+ Games, +600, Federico Coria to win by 1-2 Games, +950, Federico Coria to win by 3-4 Games, +450, Federico Coria to win by 5-6 Games, +410, Federico Coria to win by 7+ Games, +450, Tie, +2300
Betano, Games Over/Under, Umag, Marc-Andrea Huesler - Federico Coria, Score After 2 Games (Set 2), 2-0, +295, 1-1, -161, 0-2, +255
Betano, Games Over/Under, Umag, Marc-Andrea Huesler - Federico Coria, Set Total Games (Set 2), Over6.5, -6667, Under6.5, +950, Over7.5, -1000, Under7.5, +480, Over8.5, -312, Under8.5, +210, Over9.5, -118, Under9.5, -118, Over10.5, +235, Under10.5, -357, Over12.5, +400, Under12.5, -714
Betano, Games Over/Under, Umag, Marc-Andrea Huesler - Federico Coria, Score After 4 games (Set 2), 4-0, +1650, 3-1, +275, 2-2, +120, 1-3, +240, 0-4, +1300
Betano, Games Over/Under, Umag, Marc-Andrea Huesler - Federico Coria, Score After 6 Games (Set 1), 6-0, +5400, 5-1, +950, 4-2, +290, 3-3, +167, 2-4, +255, 1-5, +775, 0-6, +4400
Betano, Games Over/Under, Umag, Marc-Andrea Huesler - Federico Coria, Score After 6 Games (Set 2), 6-0, +5400, 5-1, +950, 4-2, +290, 3-3, +167, 2-4, +255, 1-5, +775, 0-6, +4400
Betano, Games Over/Under, Umag, Stan Wawrinka - Filip Misolic, Games, Over15.5, -4000, Under15.5, +850, Over16.5, -1429, Under16.5, +610, Over17.5, -667, Under17.5, +380, Over18.5, -400, Under18.5, +255, Over19.5, -256, Under19.5, +177, Over20.5, -182, Under20.5, +130, Over21.5, -143, Under21.5, +105, Over22.5, -110, Under22.5, -125, Over23.5, +112, Under23.5, -154, Over24.5, +118, Under24.5, -167, Over25.5, +135, Under25.5, -192, Over26.5, +162, Under26.5, -227, Over27.5, +187, Under27.5, -270, Over28.5, +225, Under28.5, -333, Over29.5, +270, Under29.5, -435, Over30.5, +340, Under30.5, -588, Over31.5, +440, Under31.5, -833, Over32.5, +570, Under32.5, -1429, Over33.5, +700, Under33.5, -2000, Over34.5, +825, Under34.5, -3333
Betano, Games Over/Under, Umag, Stan Wawrinka - Filip Misolic, Winner and Total Games, Stan Wawrinka and Over15.5, -213, Stan Wawrinka and Under15.5, +1650, Filip Misolic and Over15.5, +162, Filip Misolic and Under15.5, +5400, Stan Wawrinka and Over16.5, -182, Stan Wawrinka and Under16.5, +900, Filip Misolic and Over16.5, +172, Filip Misolic and Under16.5, +3400, Stan Wawrinka and Over17.5, -143, Stan Wawrinka and Under17.5, +530, Filip Misolic and Over17.5, +187, Filip Misolic and Under17.5, +2000, Stan Wawrinka and Over18.5, -110, Stan Wawrinka and Under18.5, +350, Filip Misolic and Over18.5, +210, Filip Misolic and Under18.5, +1350, Stan Wawrinka and Over19.5, +115, Stan Wawrinka and Under19.5, +255, Filip Misolic and Over19.5, +235, Filip Misolic and Under19.5, +950, Stan Wawrinka and Over20.5, +145, Stan Wawrinka and Under20.5, +200, Filip Misolic and Over20.5, +265, Filip Misolic and Under20.5, +725, Stan Wawrinka and Over21.5, +170, Stan Wawrinka and Under21.5, +167, Filip Misolic and Over21.5, +290, Filip Misolic and Under21.5, +620, Stan Wawrinka and Over22.5, +210, Stan Wawrinka and Under22.5, +137, Filip Misolic and Over22.5, +335, Filip Misolic and Under22.5, +500, Stan Wawrinka and Over23.5, +245, Stan Wawrinka and Under23.5, +120, Filip Misolic and Over23.5, +375, Filip Misolic and Under23.5, +440, Stan Wawrinka and Over24.5, +255, Stan Wawrinka and Under24.5, +115, Filip Misolic and Over24.5, +390, Filip Misolic and Under24.5, +420, Stan Wawrinka and Over25.5, +290, Stan Wawrinka and Under25.5, +105, Filip Misolic and Over25.5, +420, Filip Misolic and Under25.5, +385, Stan Wawrinka and Over26.5, +335, Stan Wawrinka and Under26.5, -105, Filip Misolic and Over26.5, +480, Filip Misolic and Under26.5, +345, Stan Wawrinka and Over27.5, +380, Stan Wawrinka and Under27.5, -115, Filip Misolic and Over27.5, +530, Filip Misolic and Under27.5, +320, Stan Wawrinka and Over28.5, +450, Stan Wawrinka and Under28.5, -125, Filip Misolic and Over28.5, +600, Filip Misolic and Under28.5, +290, Stan Wawrinka and Over29.5, +540, Stan Wawrinka and Under29.5, -139, Filip Misolic and Over29.5, +700, Filip Misolic and Under29.5, +260, Stan Wawrinka and Over30.5, +680, Stan Wawrinka and Under30.5, -154, Filip Misolic and Over30.5, +850, Filip Misolic and Under30.5, +240, Stan Wawrinka and Over31.5, +900, Stan Wawrinka and Under31.5, -175, Filip Misolic and Over31.5, +1100, Filip Misolic and Under31.5, +215, Stan Wawrinka and Over32.5, +1250, Stan Wawrinka and Under32.5, -192, Filip Misolic and Over32.5, +1450, Filip Misolic and Under32.5, +195, Stan Wawrinka and Over33.5, +1650, Stan Wawrinka and Under33.5, -213, Filip Misolic and Over33.5, +1900, Filip Misolic and Under33.5, +182, Stan Wawrinka and Over34.5, +2100, Stan Wawrinka and Under34.5, -222, Filip Misolic and Over34.5, +2400, Filip Misolic and Under34.5, +175
Betano, Games Over/Under, Umag, Marc-Andrea Huesler - Federico Coria, Score After 4 games (Set 1), 4-0, +1650, 3-1, +275, 2-2, +120, 1-3, +240, 0-4, +1300
Betano, Games Over/Under, Umag, Stan Wawrinka - Filip Misolic, Set Total Games (Set 2), Over6.5, -10000, Under6.5, +1000, Over7.5, -1250, Under7.5, +540, Over8.5, -370, Under8.5, +240, Over9.5, -128, Under9.5, -108, Over10.5, +215, Under10.5, -323, Over12.5, +345, Under12.5, -588
Betano, Games Over/Under, Umag, Stan Wawrinka - Filip Misolic, Stan Wawrinka First Set Total Games, Over3.5, -667, Under3.5, +400, Over4.5, -345, Under4.5, +235, Over5.5, -278, Under5.5, +200
Betano, Games Over/Under, Umag, Stan Wawrinka - Filip Misolic, Set Total Games (Set 1), Over6.5, -10000, Under6.5, +1000, Over7.5, -1111, Under7.5, +530, Over8.5, -370, Under8.5, +240, Over9.5, -125, Under9.5, -110, Over10.5, +215, Under10.5, -323, Over12.5, +345, Under12.5, -588
Betano, Games Over/Under, Umag, Stan Wawrinka - Filip Misolic, Stan Wawrinka Games Won, Over8.5, -1000, Under8.5, +520, Over9.5, -769, Under9.5, +430, Over10.5, -588, Under10.5, +370, Over11.5, -526, Under11.5, +330, Over12.5, -128, Under12.5, -102, Over13.5, +162, Under13.5, -222, Over14.5, +215, Under14.5, -303, Over15.5, +295, Under15.5, -455, Over16.5, +460, Under16.5, -833
Betano, Games Over/Under, Umag, Stan Wawrinka - Filip Misolic, Filip Misolic Games Won, Over6.5, -476, Under6.5, +315, Over7.5, -312, Under7.5, +220, Over8.5, -222, Under8.5, +162, Over9.5, -175, Under9.5, +132, Over10.5, -143, Under10.5, +107, Over11.5, -125, Under11.5, -105, Over12.5, +130, Under12.5, -175, Over13.5, +210, Under13.5, -294, Over14.5, +280, Under14.5, -417
Betano, Games Over/Under, Umag, Stan Wawrinka - Filip Misolic, Game Winning Margin, Stan Wawrinka to win by 1-2 Games, +825, Stan Wawrinka to win by 3-4 Games, +340, Stan Wawrinka to win by 5-6 Games, +310, Stan Wawrinka to win by 7+ Games, +385, Filip Misolic to win by 1-2 Games, +1000, Filip Misolic to win by 3-4 Games, +610, Filip Misolic to win by 5-6 Games, +850, Filip Misolic to win by 7+ Games, +875, Tie, +2200
Betano, Games Over/Under, Umag, Stan Wawrinka - Filip Misolic, Filip Misolic First Set Total Games, Over3.5, -238, Under3.5, +170, Over4.5, -122, Under4.5, -108, Over5.5, +102, Under5.5, -133
Betano, Games Over/Under, Umag, Stan Wawrinka - Filip Misolic, Score After 2 Games (Set 1), 2-0, +245, 1-1, -200, 0-2, +420
Betano, Games Over/Under, Umag, Marc-Andrea Huesler - Federico Coria, Score After 2 Games (Set 1), 2-0, +295, 1-1, -161, 0-2, +255
Betano, Games Over/Under, Umag, Stan Wawrinka - Filip Misolic, Score After 4 games (Set 1), 4-0, +1250, 3-1, +210, 2-2, +102, 1-3, +370, 0-4, +3100
Betano, Games Over/Under, Umag, Stan Wawrinka - Filip Misolic, Score After 6 Games (Set 1), 6-0, +4400, 5-1, +680, 4-2, +210, 3-3, +147, 2-4, +365, 1-5, +1700, 0-6, +10900
Betano, Games Over/Under, Umag, Stan Wawrinka - Filip Misolic, Score After 2 Games (Set 2), 2-0, +245, 1-1, -200, 0-2, +420
Betano, Games Over/Under, Umag, Sebastian Ofner - Alexei Popyrin, Games, Over16.5, -2500, Under16.5, +750, Over17.5, -1000, Under17.5, +480, Over18.5, -526, Under18.5, +315, Over19.5, -323, Under19.5, +215, Over20.5, -222, Under20.5, +155, Over21.5, -175, Under21.5, +125, Over22.5, -125, Under22.5, -110, Over23.5, +100, Under23.5, -139, Over24.5, +105, Under24.5, -143, Over25.5, +120, Under25.5, -167, Over26.5, +142, Under26.5, -200, Over27.5, +165, Under27.5, -238, Over28.5, +195, Under28.5, -286, Over29.5, +235, Under29.5, -357, Over30.5, +290, Under30.5, -476, Over31.5, +380, Under31.5, -667, Over32.5, +500, Under32.5, -1111, Over33.5, +620, Under33.5, -1667, Over34.5, +725, Under34.5, -2500, Over35.5, +925, Under35.5, -5000
Betano, Games Over/Under, Umag, Sebastian Ofner - Alexei Popyrin, Winner and Total Games, Sebastian Ofner and Over16.5, -161, Sebastian Ofner and Under16.5, +1400, Alexei Popyrin and Over16.5, +132, Alexei Popyrin and Under16.5, +3100, Sebastian Ofner and Over17.5, -133, Sebastian Ofner and Under17.5, +775, Alexei Popyrin and Over17.5, +147, Alexei Popyrin and Under17.5, +1800, Sebastian Ofner and Over18.5, -108, Sebastian Ofner and Under18.5, +500, Alexei Popyrin and Over18.5, +165, Alexei Popyrin and Under18.5, +1200, Sebastian Ofner and Over19.5, +118, Sebastian Ofner and Under19.5, +350, Alexei Popyrin and Over19.5, +190, Alexei Popyrin and Under19.5, +800, Sebastian Ofner and Over20.5, +145, Sebastian Ofner and Under20.5, +270, Alexei Popyrin and Over20.5, +215, Alexei Popyrin and Under20.5, +610, Sebastian Ofner and Over21.5, +167, Sebastian Ofner and Under21.5, +225, Alexei Popyrin and Over21.5, +240, Alexei Popyrin and Under21.5, +520, Sebastian Ofner and Over22.5, +205, Sebastian Ofner and Under22.5, +180, Alexei Popyrin and Over22.5, +280, Alexei Popyrin and Under22.5, +410, Sebastian Ofner and Over23.5, +245, Sebastian Ofner and Under23.5, +155, Alexei Popyrin and Over23.5, +325, Alexei Popyrin and Under23.5, +350, Sebastian Ofner and Over24.5, +255, Sebastian Ofner and Under24.5, +150, Alexei Popyrin and Over24.5, +330, Alexei Popyrin and Under24.5, +340, Sebastian Ofner and Over25.5, +280, Sebastian Ofner and Under25.5, +137, Alexei Popyrin and Over25.5, +360, Alexei Popyrin and Under25.5, +310, Sebastian Ofner and Over26.5, +325, Sebastian Ofner and Under26.5, +125, Alexei Popyrin and Over26.5, +410, Alexei Popyrin and Under26.5, +280, Sebastian Ofner and Over27.5, +365, Sebastian Ofner and Under27.5, +115, Alexei Popyrin and Over27.5, +450, Alexei Popyrin and Under27.5, +260, Sebastian Ofner and Over28.5, +420, Sebastian Ofner and Under28.5, +105, Alexei Popyrin and Over28.5, +510, Alexei Popyrin and Under28.5, +235, Sebastian Ofner and Over29.5, +500, Sebastian Ofner and Under29.5, -105, Alexei Popyrin and Over29.5, +600, Alexei Popyrin and Under29.5, +215, Sebastian Ofner and Over30.5, +610, Sebastian Ofner and Under30.5, -118, Alexei Popyrin and Over30.5, +725, Alexei Popyrin and Under30.5, +195, Sebastian Ofner and Over31.5, +800, Sebastian Ofner and Under31.5, -133, Alexei Popyrin and Over31.5, +900, Alexei Popyrin and Under31.5, +175, Sebastian Ofner and Over32.5, +1100, Sebastian Ofner and Under32.5, -143, Alexei Popyrin and Over32.5, +1250, Alexei Popyrin and Under32.5, +157, Sebastian Ofner and Over33.5, +1450, Sebastian Ofner and Under33.5, -154, Alexei Popyrin and Over33.5, +1550, Alexei Popyrin and Under33.5, +147, Sebastian Ofner and Over34.5, +1850, Sebastian Ofner and Under34.5, -167, Alexei Popyrin and Over34.5, +2000, Alexei Popyrin and Under34.5, +140, Sebastian Ofner and Over35.5, +2900, Sebastian Ofner and Under35.5, -182, Alexei Popyrin and Over35.5, +3100, Alexei Popyrin and Under35.5, +130
Betano, Games Over/Under, Umag, Stan Wawrinka - Filip Misolic, Score After 4 games (Set 2), 4-0, +1250, 3-1, +210, 2-2, +102, 1-3, +370, 0-4, +3100
Betano, Games Over/Under, Umag, Stan Wawrinka - Filip Misolic, Score After 6 Games (Set 2), 6-0, +4400, 5-1, +680, 4-2, +210, 3-3, +147, 2-4, +365, 1-5, +1700, 0-6, +10900
Betano, Games Over/Under, Umag, Sebastian Ofner - Alexei Popyrin, Sebastian Ofner Games Won, Over8.5, -769, Under8.5, +450, Over9.5, -588, Under9.5, +365, Over10.5, -476, Under10.5, +310, Over11.5, -400, Under11.5, +275, Over12.5, -133, Under12.5, +102, Over13.5, +150, Under13.5, -200, Over14.5, +200, Under14.5, -286, Over15.5, +280, Under15.5, -417, Over16.5, +430, Under16.5, -769
Betano, Games Over/Under, Umag, Sebastian Ofner - Alexei Popyrin, Set Total Games (Set 2), Over7.5, -1667, Under7.5, +630, Over8.5, -476, Under8.5, +290, Over9.5, -154, Under9.5, +110, Over10.5, +192, Under10.5, -286, Over12.5, +295, Under12.5, -476
Betano, Games Over/Under, Umag, Sebastian Ofner - Alexei Popyrin, Alexei Popyrin First Set Total Games, Over3.5, -303, Under3.5, +215, Over4.5, -154, Under4.5, +115, Over5.5, -125, Under5.5, -105
Betano, Games Over/Under, Umag, Sebastian Ofner - Alexei Popyrin, Sebastian Ofner First Set Total Games, Over3.5, -588, Under3.5, +365, Over4.5, -294, Under4.5, +210, Over5.5, -238, Under5.5, +175
Betano, Games Over/Under, Umag, Sebastian Ofner - Alexei Popyrin, Set Total Games (Set 1), Over7.5, -1667, Under7.5, +620, Over8.5, -476, Under8.5, +290, Over9.5, -143, Under9.5, +105, Over10.5, +192, Under10.5, -286, Over12.5, +295, Under12.5, -476
Betano, Games Over/Under, Umag, Sebastian Ofner - Alexei Popyrin, Alexei Popyrin Games Won, Over7.5, -455, Under7.5, +295, Over8.5, -303, Under8.5, +215, Over9.5, -238, Under9.5, +172, Over10.5, -192, Under10.5, +142, Over11.5, -167, Under11.5, +125, Over12.5, +105, Under12.5, -139, Over13.5, +177, Under13.5, -238, Over14.5, +240, Under14.5, -345, Over15.5, +330, Under15.5, -526
Betano, Games Over/Under, Umag, Sebastian Ofner - Alexei Popyrin, Game Winning Margin, Sebastian Ofner to win by 1-2 Games, +750, Sebastian Ofner to win by 3-4 Games, +330, Sebastian Ofner to win by 5-6 Games, +365, Sebastian Ofner to win by 7+ Games, +520, Alexei Popyrin to win by 1-2 Games, +875, Alexei Popyrin to win by 3-4 Games, +490, Alexei Popyrin to win by 5-6 Games, +725, Alexei Popyrin to win by 7+ Games, +825, Tie, +2000
Betano, Games Over/Under, Umag, Sebastian Ofner - Alexei Popyrin, Score After 2 Games (Set 1), 2-0, +295, 1-1, -238, 0-2, +420
Betano, Games Over/Under, Umag, Sebastian Ofner - Alexei Popyrin, Score After 4 games (Set 1), 4-0, +1750, 3-1, +240, 2-2, -115, 1-3, +350, 0-4, +3100
Betano, Games Over/Under, Umag, Sebastian Ofner - Alexei Popyrin, Score After 6 Games (Set 2), 6-0, +6400, 5-1, +900, 4-2, +230, 3-3, +127, 2-4, +330, 1-5, +1650, 0-6, +10900
Betano, Games Over/Under, Umag, Sebastian Ofner - Alexei Popyrin, Score After 6 Games (Set 1), 6-0, +6400, 5-1, +900, 4-2, +230, 3-3, +127, 2-4, +330, 1-5, +1650, 0-6, +10900
Betano, Games Over/Under, Umag, Jiri Lehecka - Dominic Thiem, Games, Over15.5, -5000, Under15.5, +900, Over16.5, -2000, Under16.5, +660, Over17.5, -769, Under17.5, +420, Over18.5, -455, Under18.5, +280, Over19.5, -278, Under19.5, +192, Over20.5, -200, Under20.5, +142, Over21.5, -161, Under21.5, +115, Over22.5, -118, Under22.5, -115, Over23.5, +102, Under23.5, -143, Over24.5, +110, Under24.5, -154, Over25.5, +127, Under25.5, -175, Over26.5, +150, Under26.5, -213, Over27.5, +177, Under27.5, -256, Over28.5, +210, Under28.5, -312, Over29.5, +260, Under29.5, -417, Over30.5, +330, Under30.5, -556, Over31.5, +430, Under31.5, -833, Over32.5, +570, Under32.5, -1250, Over33.5, +690, Under33.5, -2000, Over34.5, +825, Under34.5, -3333
Betano, Games Over/Under, Umag, Jiri Lehecka - Dominic Thiem, Winner and Total Games, Jiri Lehecka and Over15.5, -139, Jiri Lehecka and Under15.5, +2200, Dominic Thiem and Over15.5, +105, Dominic Thiem and Under15.5, +3900, Jiri Lehecka and Over16.5, -125, Jiri Lehecka and Under16.5, +1350, Dominic Thiem and Over16.5, +115, Dominic Thiem and Under16.5, +2100, Jiri Lehecka and Over17.5, -102, Jiri Lehecka and Under17.5, +725, Dominic Thiem and Over17.5, +127, Dominic Thiem and Under17.5, +1300, Jiri Lehecka and Over18.5, +115, Jiri Lehecka and Under18.5, +530, Dominic Thiem and Over18.5, +147, Dominic Thiem and Under18.5, +800, Jiri Lehecka and Over19.5, +145, Jiri Lehecka and Under19.5, +360, Dominic Thiem and Over19.5, +170, Dominic Thiem and Under19.5, +610, Jiri Lehecka and Over20.5, +167, Jiri Lehecka and Under20.5, +295, Dominic Thiem and Over20.5, +200, Dominic Thiem and Under20.5, +450, Jiri Lehecka and Over21.5, +195, Jiri Lehecka and Under21.5, +250, Dominic Thiem and Over21.5, +225, Dominic Thiem and Under21.5, +390, Jiri Lehecka and Over22.5, +230, Jiri Lehecka and Under22.5, +210, Dominic Thiem and Over22.5, +270, Dominic Thiem and Under22.5, +315, Jiri Lehecka and Over23.5, +265, Jiri Lehecka and Under23.5, +182, Dominic Thiem and Over23.5, +305, Dominic Thiem and Under23.5, +275, Jiri Lehecka and Over24.5, +280, Jiri Lehecka and Under24.5, +177, Dominic Thiem and Over24.5, +315, Dominic Thiem and Under24.5, +265, Jiri Lehecka and Over25.5, +315, Jiri Lehecka and Under25.5, +160, Dominic Thiem and Over25.5, +350, Dominic Thiem and Under25.5, +245, Jiri Lehecka and Over26.5, +355, Jiri Lehecka and Under26.5, +147, Dominic Thiem and Over26.5, +400, Dominic Thiem and Under26.5, +215, Jiri Lehecka and Over27.5, +410, Jiri Lehecka and Under27.5, +132, Dominic Thiem and Over27.5, +440, Dominic Thiem and Under27.5, +200, Jiri Lehecka and Over28.5, +470, Jiri Lehecka and Under28.5, +122, Dominic Thiem and Over28.5, +530, Dominic Thiem and Under28.5, +182, Jiri Lehecka and Over29.5, +590, Jiri Lehecka and Under29.5, +110, Dominic Thiem and Over29.5, +620, Dominic Thiem and Under29.5, +167, Jiri Lehecka and Over30.5, +700, Jiri Lehecka and Under30.5, +100, Dominic Thiem and Over30.5, +775, Dominic Thiem and Under30.5, +150, Jiri Lehecka and Over31.5, +975, Jiri Lehecka and Under31.5, -114, Dominic Thiem and Over31.5, +975, Dominic Thiem and Under31.5, +135, Jiri Lehecka and Over32.5, +1300, Jiri Lehecka and Under32.5, -122, Dominic Thiem and Over32.5, +1400, Dominic Thiem and Under32.5, +122, Jiri Lehecka and Over33.5, +1750, Jiri Lehecka and Under33.5, -133, Dominic Thiem and Over33.5, +1800, Dominic Thiem and Under33.5, +115, Jiri Lehecka and Over34.5, +2200, Jiri Lehecka and Under34.5, -139, Dominic Thiem and Over34.5, +2400, Dominic Thiem and Under34.5, +110
Betano, Games Over/Under, Umag, Sebastian Ofner - Alexei Popyrin, Score After 2 Games (Set 2), 2-0, +295, 1-1, -238, 0-2, +420
Betano, Games Over/Under, Umag, Sebastian Ofner - Alexei Popyrin, Score After 4 games (Set 2), 4-0, +1750, 3-1, +240, 2-2, -115, 1-3, +350, 0-4, +3100
Betano, Games Over/Under, Umag, Jiri Lehecka - Dominic Thiem, Jiri Lehecka First Set Total Games, Over3.5, -526, Under3.5, +330, Over4.5, -238, Under4.5, +170, Over5.5, -189, Under5.5, +142
Betano, Games Over/Under, Umag, Jiri Lehecka - Dominic Thiem, Set Total Games (Set 2), Over6.5, -10000, Under6.5, +1025, Over7.5, -1250, Under7.5, +560, Over8.5, -385, Under8.5, +250, Over9.5, -133, Under9.5, -105, Over10.5, +215, Under10.5, -323, Over12.5, +345, Under12.5, -588
Betano, Games Over/Under, Umag, Jiri Lehecka - Dominic Thiem, Dominic Thiem First Set Total Games, Over3.5, -278, Under3.5, +200, Over4.5, -167, Under4.5, +127, Over5.5, -139, Under5.5, +105
Betano, Games Over/Under, Umag, Jiri Lehecka - Dominic Thiem, Dominic Thiem Games Won, Over7.5, -455, Under7.5, +305, Over8.5, -345, Under8.5, +235, Over9.5, -270, Under9.5, +195, Over10.5, -227, Under10.5, +165, Over11.5, -192, Under11.5, +142, Over12.5, +102, Under12.5, -133, Over13.5, +182, Under13.5, -250, Over14.5, +245, Under14.5, -357, Over15.5, +350, Under15.5, -556
Betano, Games Over/Under, Umag, Jiri Lehecka - Dominic Thiem, Game Winning Margin, Jiri Lehecka to win by 1-2 Games, +875, Jiri Lehecka to win by 3-4 Games, +420, Jiri Lehecka to win by 5-6 Games, +400, Jiri Lehecka to win by 7+ Games, +480, Dominic Thiem to win by 1-2 Games, +875, Dominic Thiem to win by 3-4 Games, +450, Dominic Thiem to win by 5-6 Games, +590, Dominic Thiem to win by 7+ Games, +700, Tie, +2100
Betano, Games Over/Under, Umag, Jiri Lehecka - Dominic Thiem, Jiri Lehecka Games Won, Over7.5, -833, Under7.5, +470, Over8.5, -556, Under8.5, +350, Over9.5, -435, Under9.5, +285, Over10.5, -357, Under10.5, +245, Over11.5, -303, Under11.5, +215, Over12.5, -115, Under12.5, -114, Over13.5, +162, Under13.5, -222, Over14.5, +220, Under14.5, -312, Over15.5, +305, Under15.5, -476
Betano, Games Over/Under, Umag, Jiri Lehecka - Dominic Thiem, Score After 4 games (Set 2), 4-0, +1600, 3-1, +250, 2-2, +102, 1-3, +295, 0-4, +2100
Betano, Games Over/Under, Umag, Jiri Lehecka - Dominic Thiem, Score After 2 Games (Set 1), 2-0, +285, 1-1, -192, 0-2, +335
Betano, Games Over/Under, Umag, Jiri Lehecka - Dominic Thiem, Score After 4 games (Set 1), 4-0, +1600, 3-1, +250, 2-2, +102, 1-3, +295, 0-4, +2100
Betano, Games Over/Under, Umag, Jiri Lehecka - Dominic Thiem, Score After 6 Games (Set 1), 6-0, +5400, 5-1, +875, 4-2, +245, 3-3, +147, 2-4, +295, 1-5, +1150, 0-6, +7400
Betano, Games Over/Under, Umag, Jiri Lehecka - Dominic Thiem, Score After 2 Games (Set 2), 2-0, +285, 1-1, -192, 0-2, +335
Betano, Games Over/Under, Umag, Jiri Lehecka - Dominic Thiem, Score After 6 Games (Set 2), 6-0, +5400, 5-1, +875, 4-2, +245, 3-3, +147, 2-4, +295, 1-5, +1150, 0-6, +7400
Betano, Games Over/Under, Umag, Jiri Lehecka - Dominic Thiem, Set Total Games (Set 1), Over6.5, -10000, Under6.5, +1025, Over7.5, -1250, Under7.5, +540, Over8.5, -385, Under8.5, +250, Over9.5, -128, Under9.5, -108, Over10.5, +215, Under10.5, -323, Over12.5, +345, Under12.5, -588
